"X1","X2","X3","X4","X5","X6","X7","X8","X9","X10","X11","X12","X13","X14","X15","X16","X17","X18","X19","X20","X21","X22","X23","X24","X25","X26","X27","X28","X29","X30","X31","X32","X33","X34","X35","X36","X37","X38","X39","X40","X41"
-0.221846437436824,-0.122719257664305,-0.129878269398715,-0.0862816609193922,-0.0299109333683634,-0.0770369831266817,-0.11573576153433,-0.094345800382086,-0.095399458172141,-0.117706382750332,-0.0740987846634075,-0.0384963713615184,-0.0286882089480307,-0.0196303858936023,-0.0221844928510835,-0.0364224702769189,-0.0250357765206138,-0.00728211480752328,0.0232936803673838,0.0172187149959641,-0.00391769384921831,-0.000912897902477366,-0.0243673403704296,-0.0316561950938639,-0.0361979167674294,-0.0280066378785573,-0.0315985920807708,-0.0331242816903685,-0.00951584102233533,0.00121640656710623,0.0154328162314425,0.0150239286258233,0.00958679974228832,-0.0123300012251311,-0.0129594606116277,0.00549876186198262,0.00595858557130285,0.0182276365745453,0.000887343772119631,0.00875812228737805,0.0209331847925823
-0.272579288626193,-0.213348578955782,-0.178391883238653,-0.133584155337275,-0.117049507890926,-0.152120764741114,-0.143550336159007,-0.141506253937929,-0.130961036156695,-0.112169601555008,-0.112751791281454,-0.126188052954653,-0.106838146336664,-0.11323308692854,-0.0908804843811085,-0.103359021245258,-0.0679059614671655,-0.0520491167140786,-0.0721581021531366,-0.0651999663914114,-0.049628931228112,-0.0185124213817309,-0.0295690925256497,-0.0126966971435816,-0.00924744716150742,0.010437155267351,0.0171103890228202,-0.0115935287733142,-0.000886327365036521,0.0276830809762597,0.0372421879899572,0.0170232760929918,0.0287420237289489,0.037857297805569,0.0301546841318837,0.0173422621711654,0.0255678417552535,0.0266471102933079,0.0335229211141815,0.0474808430847038,0.0535541320779681
-0.221802641398604,-0.14939886501367,-0.101667245481839,-0.109954124537975,-0.0418629763302314,-0.0837585052288912,-0.0136528196105516,-0.0446488060558938,-0.0121426645570397,-0.0196568884996202,-0.0110730713664297,-0.00143946587372423,-0.00942101971445242,0.00945650570979428,0.0531622277450621,0.0802020860145459,0.0722672400549868,0.0611119386533616,0.0791337224707472,0.0643928476571151,0.0707929114782372,0.0401163404065103,0.0447616846454394,0.00736102990160607,0.0273298500075627,0.0341892923010228,0.0389353653661099,0.0493221917869773,0.07217993335002,0.0547146165825921,0.0666983278169078,0.0851336044809225,0.107280094363951,0.0998772614382898,0.0989372555710836,0.0816489518475335,0.0846853945001854,0.0724418938285453,0.091734689318503,0.08634865596005,0.0850966238290483
-0.238106125402153,-0.214102529480817,-0.16176571290438,-0.0986619765611843,-0.0717814783196771,-0.0847055904069773,-0.104602714579859,-0.0765848876395747,-0.0487787603445282,-0.00983541825951784,-0.00208873590614578,-0.0134273617256243,-0.0135093767118591,-0.00800620832379328,-0.0141804865728207,-0.028424527881713,-0.0132110096307369,0.000784434576561244,-0.00744993104782984,-0.0198383991016599,-0.0102986285059896,-0.0099794765333158,-0.012988427973947,0.00922465202323685,0.0223850889723894,0.0165614831682562,0.0199759648965933,0.0119621976625194,0.0158631336574063,0.022761200458517,0.0411002777590137,0.0343095263492086,0.033845538061977,0.040079387373849,0.0386225847618528,0.033480497339526,0.0377592363567458,0.0537387217980297,0.0438994060779695,0.0556478531652709,0.0688147393105035
-0.115700003188226,-0.0950910798182441,-0.0907391632418639,-0.105816326710963,-0.130237488872163,-0.136707639347873,-0.166196876174619,-0.186421054063166,-0.197842645797662,-0.199677437919052,-0.189024945583666,-0.136864293709563,-0.11638504188996,-0.104563686176286,-0.124837763823245,-0.11314640354744,-0.08944697512053,-0.0624202260846761,-0.0540341957821919,-0.029194420699406,-0.0435127816071354,-0.0281588388064303,-0.0423063791815858,-0.0224516630697764,-0.0240235818741795,-0.0466010064291176,-0.0697691303297461,-0.0773502695885185,-0.0868529702317069,-0.0704512516619475,-0.0790936385087337,-0.0963619758191339,-0.0675853631382722,-0.0571852669872469,-0.0467552657907267,-0.0539587276812013,-0.0362463560983919,-0.0340821828912365,-0.0292519446713075,-0.0334660361833821,-0.0362532896548943
-0.306397982822414,-0.227668671866606,-0.172664215751363,-0.139706308425606,-0.118295168184072,-0.137959523940591,-0.143714014022092,-0.141492350447429,-0.116677343308223,-0.083450860849189,-0.0786820085201352,-0.0742259700564064,-0.0418603463425246,-0.0402837647817392,-0.0386204918984264,0.00345698560919744,0.0190719253441683,0.0234673560228625,0.0160244993227255,0.0119511537022924,0.00272034917241856,-0.0150725290435857,-0.0130388969250843,-0.00553383462378923,-0.00593671125877578,0.00578046954748283,0.00720154028766601,0.00488234482813471,0.0281795464148549,0.029455998064325,0.0537290687944994,0.055199953011291,0.0735087799427386,0.0779515720005546,0.0533183397515409,0.0499006420988634,0.0488391849042602,0.0540871735540787,0.0273734415569303,0.0488512098858126,0.0387144204424157
-0.238925264626418,-0.166448003674805,-0.135697370222015,-0.122294989545349,-0.0904645735361846,-0.104258386151242,-0.0862918796046049,-0.0356320545585332,-0.0366144805480392,-0.0203514569631265,-0.00354118197462427,-0.0253033328632696,0.000568661018534145,0.0101964202128749,0.0202352242403934,0.0306515012002826,0.0159107374783842,0.0229148989084884,-0.00574282423094427,-0.0279092713510083,-0.0385882481821618,-0.0263314391981105,0.00572122486128571,0.0114932243738664,-0.00183565549515539,-0.00841873538594706,-0.00731991275480036,-0.0145745713057659,-0.0436005974903716,-0.0345317730810787,-0.056503823654897,-0.0673879280599339,-0.0707672315831865,-0.0780757063345841,-0.0859157606658175,-0.0811840937440899,-0.0816998998290031,-0.0759513014717373,-0.0771189460116962,-0.0724735482597875,-0.0843990874864636
-0.242176627636294,-0.169800822004227,-0.204252719797934,-0.159486546824476,-0.0711203117268755,-0.0760991752292537,-0.0694382395081133,-0.026751057717571,-0.0491178149794276,-0.00703720878427738,0.0126596603010436,0.0104721817380802,0.0143163304543158,0.0230140650941867,0.0241217296321817,0.0245474730225002,0.035609682478861,0.0358143050830768,0.0352738123289956,0.0460406996553686,0.0655061067519491,0.043790283131008,0.0512254475107546,0.0622269865446351,0.0488695558051111,0.0511909186438656,0.0552085781864683,0.0506050770299184,0.0604618554586334,0.0658256884576957,0.0454018314889011,0.0624370568773406,0.0595006663993442,0.0482426036083469,0.0492109793781053,0.0502426923541901,0.0263914240079063,0.0176633462864704,0.0238621224633541,0.0157668788577061,0.00904113756714442
-0.249480773771577,-0.283576597274824,-0.199828372164927,-0.136032239838221,-0.0944978364705646,-0.0583100874730056,-0.0371646999377981,-0.00871438577433914,-0.070421820275963,-0.0572188310178491,-0.0664027926228006,-0.0786355391252658,-0.0830451614417896,-0.0582982949910675,-0.0181484002879164,0.00950003837682045,0.0298084429069386,0.0387055608447157,0.0129156654856578,0.00625027853207136,0.0336451734604254,0.0270464501594219,0.0535362987428451,0.0471022760830552,0.0602133291180812,0.0639025312672131,0.0738257807786935,0.0878892173042477,0.0979437566802006,0.0715240211479109,0.070846084363679,0.0799014301108932,0.0797696623086749,0.0910241680963705,0.0580713620598039,0.041291298017654,0.0446572525838205,0.0617734581898742,0.0617372733204639,0.0537437514012459,0.0489481135284945
-0.289902624847441,-0.247043421178289,-0.221349415290321,-0.182099428351196,-0.211054644349029,-0.169345055622894,-0.123640668376245,-0.11255223419517,-0.13915300247107,-0.0902973679996432,-0.0909552492819433,-0.0825408934721197,-0.0771736040455971,-0.0354302457650713,-0.018557355485142,0.000459769879456062,-0.00869406151230057,-0.000301102508150769,-0.0021502218640978,0.00422373649477614,-0.0113962817932703,-0.0187307260775939,0.0161050873920991,0.0309393810198528,0.00720438632007707,-0.00981095879828076,-0.0202097266339301,-0.0423914872411755,-0.0292291957641902,-0.0388014969423523,-0.05366632311364,-0.0665665177707095,-0.0648747112684707,-0.0691675036816055,-0.0849941986012398,-0.0398081540607237,-0.0511222150236393,-0.0571616754586052,-0.0586669266627379,-0.0362007479206118,-0.0259870225142483
-0.222164050954657,-0.172204669964738,-0.142705210761426,-0.136561195598383,-0.139689631834806,-0.1121193709052,-0.08373736302961,-0.0554256670815503,-0.0924251338365325,-0.0995571524522783,-0.11495519220318,-0.135474212993806,-0.121822162515643,-0.124885960465534,-0.128680378800459,-0.132436503858148,-0.125059526974388,-0.127371272770063,-0.0952561659092853,-0.0850909968459185,-0.102908663373392,-0.0913137979068209,-0.0883871908728954,-0.0965916053023977,-0.0853768862073665,-0.09889232585004,-0.0980070018992834,-0.0950938322563259,-0.0838374294979052,-0.0868935289706238,-0.078466877385671,-0.0765765929605812,-0.0728384073275272,-0.0753512239899015,-0.0562796741666625,-0.0698670392574597,-0.0744082657096653,-0.0872663131948868,-0.0690575707134242,-0.0662359724721964,-0.0796574910927533
-0.298707767239227,-0.196300145739904,-0.181302745090022,-0.178240418925657,-0.129881630905998,-0.136181840154963,-0.104877517648975,-0.0860151074362784,-0.0499531484108817,-0.0349789028694791,-0.0379809275123396,-0.0300941648955678,-0.0121096399774733,-0.0203438990503965,-0.0451040612021902,-0.0377694989745576,-0.0485476810494783,-0.0569065063536596,-0.069744579607706,-0.0694593718713096,-0.0739306001078406,-0.061802300182033,-0.0481051812888604,-0.00347266990543033,-0.0228143856639594,-0.0347613683414229,-0.0309149219629061,-0.0154820929734814,-0.00714992777119847,0.00510406729546742,0.0202220626931736,0.0397066862211992,0.0485810417883302,0.0460342435213902,0.0401494868717538,0.0464009325226933,0.0284637566942519,0.0284308471075626,-0.00793003209676041,-0.0109842643693454,-0.00989367233165095
-0.367087283169492,-0.325983671436512,-0.289793625914439,-0.256428708047565,-0.232922092453113,-0.190421622913735,-0.157151189618641,-0.166379398980543,-0.141253923299052,-0.15914068913455,-0.107137463592672,-0.086888321145915,-0.074015930481507,-0.0408890433871129,-0.0143662864170038,0.015690292417665,0.0086134155576289,-0.00790390828877191,0.00877654380750056,0.00533235699875692,-0.012112868860847,0.000608609930265153,-0.0257093510164507,-0.0314134237813165,-0.0283477502109311,-0.0398661056532214,-0.00505761455951628,-0.0027336292639823,-0.0129361171837344,0.00101879700285129,-0.00712551245756135,-0.00344315975357307,-0.000742345329845073,0.00225244024047838,0.00374822999153251,-0.00366767749744512,0.0017454481596213,-0.00430219670182025,0.0152008551799254,0.000311399709706339,-0.0109713252292961
-0.226441151320809,-0.204987469939871,-0.146932386619563,-0.141640343409969,-0.101399600222359,-0.0851519113954757,-0.0871229853291042,-0.0681172378920373,-0.116573078152885,-0.087623439689147,-0.0949601145053625,-0.0751169681790249,-0.0950665740649119,-0.0774458480139849,-0.0724300540982921,-0.0443343362482281,-0.0320274861441589,-0.0437097924687296,-0.0460924450755792,-0.0389869529964464,-0.0366193001552718,-0.0230523048115576,-0.00928754665419383,-0.0141880465734875,-0.0211067133300497,-0.0209540588288845,-0.00684284449191563,-0.00694270490131429,0.00107557396454994,-0.00584311411978064,-0.0155034512999306,-0.0185484908324905,-0.00132362340556041,0.00163417644866526,0.00906771258642719,0.0138449607036176,0.0247424960015816,0.0166597222373832,0.014960223298898,0.0184090133939219,0.0254157872404452
-0.259561902479803,-0.216898628906321,-0.142121522040817,-0.108856072434653,-0.0766642313743651,-0.0784974203706335,-0.0556030293067016,-0.0499005528748612,-0.0669656330060492,-0.0938633851161911,-0.0636968706570081,-0.0707822636700299,-0.0646415765293213,-0.0318407222080225,-0.00193173831954524,-0.0137136135112557,0.0216644920390481,0.032953127824338,0.0315119064525919,0.029483829992204,0.0440976104889959,0.0578213089330635,0.0489064760703911,0.0146162650146717,0.0192168869120048,0.0126082330650984,0.00734357227873847,-0.00681823059404746,0.000813056940954154,0.000152866686177977,-0.0033752165758773,0.00836928924666208,0.0206577397629149,0.0212046601487842,0.0153189883642804,0.00741657297136555,0.013584382886114,0.000291628183487325,-0.0010112164168487,0.0303735736591967,0.0357567087526719
-0.286900535387163,-0.185473979129509,-0.181792094111662,-0.14622528336712,-0.0695335746209029,-0.033960607391643,-0.0343899658203244,-0.0260163897076077,-0.00996907277266945,0.00372701265501019,-0.0283379732376624,-0.0339198830282015,-0.0188961274772185,-0.0209520736595852,-0.0395947661724455,-0.0270790103212828,-0.0379809297247632,-0.0205604740169798,-0.0131319949272682,-0.0317535636357867,0.00777418271656898,0.0349088253772733,0.0414954440301476,0.0499360962722366,0.0631813224120226,0.0297471673226042,0.041536006883453,0.0356211054068644,0.0244583158872812,0.0148896095744516,0.0314669547331263,0.0327936996406454,0.0111824984782946,0.0303623577903873,0.0551194354422321,0.0620583980947232,0.102031403704832,0.0945683036569354,0.0677034226926994,0.0719249917230236,0.0604885811889048
-0.195164032786766,-0.177848522720576,-0.123879556994692,-0.104652506770545,-0.108340638110987,-0.0705601167562631,-0.0120422611843543,0.00957914001672699,-0.0210899865734832,0.0126521498361212,0.0328170433058924,0.00188840822980096,1.54636256978202e-05,-0.00560858441641254,-0.00590714678698007,0.00800001636203218,0.0349895539702602,0.0456539015587135,0.0445423152309345,0.0297241852834822,0.027714741668251,0.03188532706815,0.0112951124893907,-0.0134159352751682,-0.0125366562233596,0.0117776122897446,-0.00840681386643945,-0.0118182328797085,-0.00967016969058224,-0.0230953900863255,-0.0290134557958037,-0.0346764226390447,-0.0205664123334622,-0.0220674969775866,-0.0298033906552426,-0.0376493785025498,-0.033452281235974,-0.050962736410859,-0.0492460863333498,-0.0562261364811578,-0.0631781564834271
-0.371909594583687,-0.274193335943371,-0.207575779803543,-0.15580346911011,-0.132334671388342,-0.126070259275792,-0.105645232080098,-0.0823158138828889,-0.103640109040328,-0.111790163889963,-0.069114651436718,-0.0838993311788527,-0.0789840252711902,-0.0811438607369719,-0.0936029807565689,-0.0818176795996539,-0.097271891906864,-0.0645580833415083,-0.0304012868667448,-0.0410515928558768,-0.0448185941272472,-0.0448144314016909,-0.0283366043922116,-0.0117132327754838,0.00463761972629127,-0.00706404718779508,-0.0100236047643027,-0.0155847117436188,-0.031984621979481,-0.00734446788600748,-0.0123608283665064,-0.00774086746119229,-0.0115905134795861,-0.00224141878352035,0.0137728365345891,0.014317870203393,0.00819196923886506,0.00246235691295926,0.00961925216655168,0.00827616464536707,0.0133308210004647
-0.292953859283614,-0.203812932787104,-0.171978686583699,-0.125110066583743,-0.153837607614181,-0.154558602890381,-0.113132524771974,-0.0849157078738452,-0.0890638978350516,-0.103184583970522,-0.100038503327596,-0.0920439344001711,-0.0644063826284443,-0.0501556832063656,-0.049364868300835,-0.0445725260249074,-0.00477040608796148,0.0175301525245923,0.00428648790612515,0.00680662619080158,0.00698842056201615,0.0176957377572455,0.0183246763632561,0.019498815190749,0.0270874697676251,0.0332782562528986,0.0222888190114905,0.0311139369925555,0.0301012434544073,0.041997491684836,0.0454182666856608,0.0488851198098073,0.0440947727445765,0.0477334645011724,0.0345767355728337,0.0339025546604798,0.0347287272623474,0.0192506263980902,0.0299043318553238,0.0235687066127232,0.0383972745224119
-0.208334981122853,-0.0988842830825805,-0.0958649375192264,-0.06569801104924,-0.0729826949761578,-0.0442344565770223,-0.0303969032148831,-0.024951212664727,-0.0396775887328683,-0.022549075510366,-0.0410548147537547,-0.0114898534162265,-0.0132567974372062,-0.021632662764682,-0.0247862977011221,0.000921266235933582,0.00734680281531125,-0.00712998270142773,-0.0206032759431089,-0.0177379262423691,-0.0142193776520564,-0.0188551367432407,-0.00874747625890489,-0.00791816986560458,-0.0083458482552593,0.00658766099497732,0.0273146526098567,0.0191215139468072,0.0160210489023832,0.00895970500276025,0.0121580079162348,-0.00945674440559502,-0.0228317319245994,-0.0167094275081257,-0.0107876912353587,0.0081300736336567,0.000299982193281478,0.00525615166964311,0.0192730156750004,0.0179429764194043,0.0378687805047324
-0.2500753119503,-0.22474263745665,-0.16107033256219,-0.136898642389627,-0.117380553905954,-0.0731561935829905,-0.0464089613718477,-0.00752136296505357,-0.0168850469156706,-0.0342038353675082,-0.055930289285107,-0.106712179898569,-0.100568717863443,-0.0835306143630689,-0.0799884082817016,-0.103220180023149,-0.0909415623382395,-0.0816479153587847,-0.0886309807113101,-0.0841703787653393,-0.0488241457007434,-0.0536348461056546,-0.0697173883858893,-0.0777412088923861,-0.0500629113251669,-0.0683803628176942,-0.0714700327179132,-0.0763294650930463,-0.0868221980080167,-0.0714960285268108,-0.0747834135441777,-0.111863369846385,-0.104366569281036,-0.0984727809509673,-0.0978436936322497,-0.103297403798788,-0.0798014029497549,-0.0671068186404103,-0.0663409179209256,-0.0621912449011892,-0.0605098888614037
-0.197962943463654,-0.227522662492825,-0.164300691634123,-0.155707988684666,-0.0727099468896435,-0.0828745948628797,-0.0751825343417099,-0.0799217193027503,-0.0617907618418847,-0.0900937104923152,-0.0736146506448518,-0.074875421375307,-0.0655231190982309,-0.0821074726722045,-0.0854382918250451,-0.0901943887634236,-0.0730498452110777,-0.0835746275872892,-0.0568888642834409,-0.0519204259043037,-0.0554365458148932,-0.0655376457682459,-0.0538233166282144,-0.0562070581633459,-0.0580495910436271,-0.0649681134163771,-0.072793205972191,-0.0555582636233115,-0.063522273734507,-0.0770567952494955,-0.0607774856100744,-0.0399318630359416,-0.0399898032925676,-0.0458708327758217,-0.0679191196209009,-0.0681662519419866,-0.0457445683268919,-0.0399494464324353,-0.0327794102168006,-0.0354707702772246,-0.041583299030867
-0.194097686309626,-0.151606275253138,-0.142453323848456,-0.151423621421106,-0.13560405089696,-0.123611646010227,-0.135470782401892,-0.102391951580067,-0.121173084462113,-0.119608154184684,-0.117755291973945,-0.14812761013513,-0.151218675026259,-0.148508014847979,-0.149871125243056,-0.120362340968755,-0.0980012275576461,-0.0800269332481529,-0.0841167814850147,-0.080649641395858,-0.0875586288658791,-0.0735234320106654,-0.0626360616789752,-0.0495886014478988,-0.0446600523501323,-0.041467889878323,-0.0280561879600675,-0.0198323402258147,-0.0120950335170561,-0.00783550268322727,0.0251603470336867,0.0029672210974977,-0.00191636105492221,-0.00109528762452665,-0.0161287747260727,-0.0269861205580437,-0.0314952981911264,-0.032777321963844,-0.0508930130224909,-0.0697359551301138,-0.0840143339158095
-0.381891639028463,-0.296911220619086,-0.239819938505357,-0.127347804886107,-0.076709867825709,-0.0677074806499816,-0.0798571366672565,-0.0788642249182514,-0.0435690697905475,-0.0114359296049662,0.00363829194681187,-0.0402284054411364,-0.0050022638997328,0.00742742800840074,0.0171436076185158,0.0556925182664055,0.0394144907570971,0.0242666025094552,0.0203921657396536,0.000191082033635381,0.0157160332415852,-0.00471430006268527,-0.00299538925635064,0.0172038447787445,0.0235163302804742,0.000473391329012113,0.00945969435602181,0.00982703097900223,-0.00348761258663691,0.00183397125940044,-0.000664288596472884,-0.0198173037462807,-0.0203263600897937,-0.0129232249989149,-0.0156562462136237,-0.00542603949153297,-0.0162124111397455,-0.0266700560269466,-0.0339479170153431,-0.024511681688212,-0.0256246302827043
-0.275358142161959,-0.191231617238963,-0.12183411765227,-0.0919313484688447,-0.0818098810665462,-0.0963261664681414,-0.081889062044995,-0.0826519913044855,-0.0939584115262139,-0.0736919435223674,-0.0797706321939977,-0.0776843595642228,-0.0885158163083791,-0.0977959833785951,-0.074932121622835,-0.0703905702811745,-0.0286136911577015,-0.0114367544772527,-0.0234734592021542,-0.00709364550752156,0.0208592201825396,0.042812962112588,0.0373713711420864,0.0570915139361784,0.0372565121240259,0.0435850761692729,0.0200041036116031,0.0201978489652691,0.0257163793919351,0.0275097526132181,0.0412786086475174,0.0396534615696345,0.0357648309114165,0.0412972226854574,0.015841159592547,0.0269992432980375,0.0258570186042978,0.029630619772782,0.0313773010992742,0.0160553714222211,0.00119929294772331
-0.330789733225672,-0.249616061405112,-0.229573304347054,-0.194833307989429,-0.178011848241858,-0.16317862109681,-0.168132508728892,-0.167699411472913,-0.128265770662741,-0.10507722328365,-0.112601650744189,-0.128767593343904,-0.103046657362492,-0.0991650504979583,-0.0823808551588207,-0.0717888920713385,-0.0396436773077637,-0.0810134228586263,-0.0881117923299952,-0.0479781224122703,-0.0355174806146481,-0.0248809900431867,-0.0144875407194256,0.00398007043872786,-0.00979539683612346,-0.0111588189762205,-0.0100741891740569,-0.00990843414969547,-0.018188098477154,-0.0213402277543616,0.000453899779824463,-0.0100495723756929,0.00220377504189634,0.00925943663340928,-0.0185622195213176,-0.0326792176246045,-0.036276843448004,-0.018757891258559,0.00174412146211578,0.0093658011478116,0.0202515217570366
-0.331500832591689,-0.254797080513615,-0.152835599424929,-0.146483465967348,-0.103743475783953,-0.104230696905674,-0.110414211017773,-0.0966421179547873,-0.0656122583302007,-0.0594104773342458,-0.0671536425749801,-0.0557605842810099,-0.0230359543722952,-0.00310519171371493,-0.00770482794382782,-0.0167225754940755,0.00116992538999555,0.0189026236376443,0.0158142583316618,-0.00537092517419649,0.000171753991546383,0.00606182227736549,0.00520929748950978,-0.0287786685789012,-0.0158539071914232,0.00238105746088588,0.0277463972603038,0.00952664417339905,0.013257087390265,0.0155515926097963,0.0231588684005966,0.0391514646414203,0.0441421240839199,0.0369877109137296,0.0452070934819802,0.067127275656886,0.0611297024641079,0.068132253253235,0.0613296905810263,0.0667114703824195,0.0628311995128608
-0.306799954639636,-0.275562042928568,-0.187264720560732,-0.143687652503151,-0.109370711192954,-0.117997605155563,-0.0855608311897821,-0.0433388980490923,-0.0591488679212236,-0.109416472456408,-0.0825331333554149,-0.0511792851911418,-0.0488764773351021,-0.0264258965187437,0.034794611750729,0.0261257207435176,-0.00481495198866877,-0.00688734812934685,0.0127041550685006,0.0281341740274729,0.0314008785287156,0.0292673220311185,0.0445762703147497,0.0427220472816013,0.0395215998773165,0.0392072934484581,0.0300856469004305,0.0505035461166763,0.0347955900088887,0.0672990765745647,0.103238422908139,0.0981020816997699,0.106793326195176,0.122870961839567,0.110634305027184,0.0899985863215838,0.0855505322149892,0.0451706919415298,0.0561231638902278,0.0455774183816786,0.0415410861840554
-0.286877805726085,-0.221254946552988,-0.201896943727589,-0.146083291744584,-0.132593777332108,-0.151392971515315,-0.1209364282936,-0.116178869210437,-0.0590650094954092,-0.0205701755141213,-0.013506633778564,-0.00943659439601763,0.0134950362711563,-0.0316264498340789,-0.0237096064783263,-0.0391701266501904,-0.0401728928875587,-0.0272396617427749,-0.0100942677887409,-0.013345018493261,0.00374977393090248,-0.00971387174483493,-0.0236429712562763,-0.0292238436272758,-0.0444985066944969,-0.0264815146990824,-0.0270973954356734,-0.0453647598956177,-0.0630233925406962,-0.0515222995420449,-0.0579522529158363,-0.0544177834604299,-0.0491065787556164,-0.0235631105450942,-0.0297949697268692,-0.0136078821030825,-0.0082622514216702,-0.00778916292873849,-0.0123067469009455,0.012468756260696,0.0027154915758294
-0.248451310906083,-0.179768485678738,-0.153142874459518,-0.14617620229268,-0.142118695525607,-0.116882437687129,-0.0955466182741991,-0.0710737792539924,-0.0555248822641813,-0.0406330165015325,-0.0294211234431435,-0.0208172114753931,-0.0113808530077589,-0.0176147768948853,-0.0165215386682732,-0.0382932048616623,-0.0123113923418695,-0.0183335014878172,-0.0370889486289081,-0.0349637752956436,-0.0296787062927427,-0.00841600573859569,-0.021761036417954,-0.0191670389701978,-0.00859230255109887,0.0105956080073005,0.00467675062741017,-0.0100091998082631,0.00431538154298758,0.0115275458991204,0.0321707224027396,0.0210404776729423,-0.000827419465808055,-0.00757606468325922,-0.00140989909783223,0.00840840245824809,0.0115607701622694,0.0123074003299578,0.00734104654136891,0.0154146064391899,0.0216537818460558
-0.297720996282107,-0.241771870934854,-0.191756190733505,-0.123858168433932,-0.0510614094050061,-0.0702413936348087,-0.0649066385142857,-0.0458445038416848,-0.0631537948109673,-0.0949311223533936,-0.118023021862522,-0.130615649447114,-0.0972812079326875,-0.0847149980913927,-0.0294114198950543,-0.0110547055038978,0.0344416348156414,0.0236627818648712,0.0427357898230618,0.0083799577238958,-0.0088195492217658,-0.00782072584318931,-0.00291554565387384,0.0141595116352215,0.0132698598675657,0.00632198877023775,0.00405509733646302,0.0221336838965179,0.0159113998170319,0.0196612597720469,0.0252668440214975,0.00758755401249461,0.0200244736839049,0.0128788665550366,0.0286670007438011,0.0256265098242777,0.0280949732447447,0.0171665524742054,0.0420703354545,0.00816235392584269,-0.00496197392179487
-0.354787167214024,-0.209579894104305,-0.145096633360844,-0.117464427619637,-0.120670756908618,-0.0905857832349628,-0.0799674889969086,-0.0553082397102217,-0.118778926730478,-0.0742522159095648,-0.10448271544108,-0.0879559589863423,-0.0703998406287933,-0.0687759202860463,-0.0783403401272529,-0.103060086832673,-0.104798624059862,-0.117015544363421,-0.11499574937499,-0.0921210270875797,-0.0995258979372169,-0.0950338254613346,-0.111326779503438,-0.114794995163464,-0.118194671844647,-0.0865212080494961,-0.0733861089960365,-0.0835591367578053,-0.0759447464897495,-0.0641931586764288,-0.0557452800312508,-0.066393673779109,-0.0658124648367857,-0.0759929253777474,-0.0646734850017461,-0.0482239672181541,-0.0587418636468635,-0.0457595237018635,-0.0460979080257852,-0.0367251471077686,-0.0439308778154928
-0.227673492548765,-0.213425021089986,-0.139364062347555,-0.0968358990657978,-0.0907175941961149,-0.05262491055481,-0.0124435029989197,0.0469264089267543,0.0527701665272599,0.052123411280583,0.0507704797648475,0.0390065682389077,0.0476353564507908,0.0451738109446218,0.0478237007777309,0.0363239594825647,0.0478117974537457,0.060812376805171,0.0290162660357847,-0.00104896680947385,0.00952040742991634,0.00109062332199892,0.0079696424109103,0.0134156926150962,0.0197758033704691,0.0384878782487989,0.026786335598127,0.0318641168668625,0.0244266744319437,0.0139066814137931,0.0229943560426231,0.02991670111566,0.0118569875788548,0.0244658416577614,0.0281979859384294,0.0317025467752522,0.0397047491675075,0.0517396714968615,0.0660956210978992,0.0582556351805472,0.0393325609330523
-0.217894259333033,-0.17694615234872,-0.111326524430359,-0.104309984902224,-0.077403718191404,-0.0756026268252574,-0.0789062667071807,-0.0798023770728579,-0.0798888461120989,-0.0862902916598632,-0.0590433511022718,-0.0488212989722502,-0.071727345723514,-0.0597341799362635,-0.0492570185484215,-0.10633597438099,-0.106297721161169,-0.115035584613651,-0.0990179671820254,-0.105971738148793,-0.0793566492730141,-0.0714074549296989,-0.0736206936702824,-0.0885961207909025,-0.0914845237367901,-0.112321156280377,-0.121938149126064,-0.123776798890768,-0.11723196945826,-0.127424278803277,-0.139856293164717,-0.126073705123415,-0.124562479798552,-0.113486861745879,-0.11776682097393,-0.121248623399081,-0.130785478932574,-0.144194000714595,-0.145393219713189,-0.12545053879427,-0.137810972031888
-0.254883135789737,-0.239427098820675,-0.185584917054954,-0.183242322589682,-0.140708872792446,-0.143816863621453,-0.121242628228984,-0.132656096713122,-0.148981376470107,-0.171992833739998,-0.192929892576834,-0.179188125411511,-0.161648309322455,-0.143985907116801,-0.12987794383102,-0.1121582101055,-0.0994117973743643,-0.098197717338046,-0.0874291500013285,-0.095660481513363,-0.0868199326160106,-0.0827101351781242,-0.103093845940326,-0.118000329459525,-0.0911284013547014,-0.0949938293380058,-0.0715621057861618,-0.0544531680078878,-0.0336339909543381,-0.059021631556904,-0.0571340781605865,-0.0414235215993504,-0.0512706672513911,-0.0629849055625498,-0.056759112440768,-0.0653503807737211,-0.0571407094939585,-0.0596755210159847,-0.0446614444207268,-0.0504745294784585,-0.0654186677819118
-0.276478756755929,-0.218364634091559,-0.139350465519911,-0.126348525799001,-0.0997984361670399,-0.0303902217742602,-0.0494174022504807,0.000502441772414985,-0.00294991907944198,0.0248269393823181,0.0320276540981788,0.0287534208672529,0.0377946324283938,0.058819505113309,0.0787232290102233,0.0703087153727693,0.052637343218729,0.0732951604549089,0.0704776437679183,0.0671292974281708,0.0428509653159312,0.0305162535438021,0.0310974237322013,0.0384491419528124,0.0371921051828849,0.0184781067084178,0.0101814718347721,0.0071918965194793,0.0174947183918047,0.0220620604818968,0.0380241255015387,0.0270082674680348,0.0207740261440882,0.0436032908698766,0.0379439445407913,0.0548543452938074,0.0546714478103219,0.0443904644803996,0.0383227498069127,0.0283143865162228,0.0201162391033363
-0.229442706815112,-0.231070421333092,-0.181464555708781,-0.171987804745643,-0.125180265234116,-0.112995773067032,-0.11348606238095,-0.136703405925653,-0.150945185030605,-0.118930928911621,-0.0950275149666003,-0.070427186860154,-0.108013327018953,-0.101492291859757,-0.0451776890608377,-0.0448131424491947,-0.0674265503573958,-0.0723009982012625,-0.0676161804168453,-0.0613344054309312,-0.0613310300973049,-0.0666337994930598,-0.052002957160726,-0.055424246185385,-0.0483721417355589,-0.0705847699536699,-0.0750887891898469,-0.0769877580090215,-0.0718959179775705,-0.0794994649315698,-0.075885123754263,-0.0818077087787003,-0.0698880961861076,-0.0705314363991785,-0.0888742332797956,-0.0818200545894886,-0.0929416283867194,-0.0825693799989642,-0.104021397720452,-0.0879866131471166,-0.0729865438224327
-0.331771524304812,-0.302443348163896,-0.249031872652021,-0.199060742252284,-0.182697908762702,-0.195913523527054,-0.167589195421698,-0.137991091294621,-0.0919608546899628,-0.0837208797332248,-0.0734445393752406,-0.0697612713746451,-0.0558549213615048,-0.0702872458924497,-0.0587889375847849,-0.0420231683532812,-0.07714449279497,-0.0544597040462944,-0.0485683477150014,-0.0336368805298332,-0.015970252807286,-0.0319286829118272,-0.0134419667549973,0.000496696966938048,0.00560124901883786,-7.02965337321115e-05,-0.0148495886519347,-0.00997055309738473,-0.000377041277786094,0.00619598559222523,-0.0138846068007202,0.0170423539927073,0.0230061385123346,0.0433794529110245,0.0359363947633847,0.031863563266135,0.0279701545038443,0.0302733572050797,0.0351256737408523,0.0226376737198026,0.00708958092768497
-0.226837319970254,-0.130529035865064,-0.108671283306952,-0.0457007071429301,-0.0376950876858193,-0.0257277276888543,-0.0728039945765151,-0.0379528525579015,-0.0319951672517654,-0.0267652945543883,-0.0373127693584064,-0.0766605081054068,-0.0747420034263643,-0.0755433468283987,-0.103019106332909,-0.085690038755405,-0.0722976555655516,-0.054076758775982,-0.0458358770838549,-0.0581625189503165,-0.0730220378258625,-0.0791076466745083,-0.105837151253999,-0.089869721354241,-0.102883597561485,-0.0830319200125585,-0.103444263606556,-0.110031703148526,-0.107821690388719,-0.0907977029395583,-0.0853623586445802,-0.0766963448852811,-0.0794807573022959,-0.0583871196599879,-0.0574078638618668,-0.0453029768712653,-0.0478254722339599,-0.0441425864374722,-0.0361080321659372,-0.0498141252824865,-0.0786451665862067
-0.246255765357894,-0.17830328955036,-0.139259661447362,-0.105657074914975,-0.103312757458401,-0.109998618462565,-0.107401678452107,-0.0900430570734075,-0.0859730564766122,-0.0702329840041179,-0.0734993575353998,-0.0908479272882092,-0.0913124520778485,-0.0797645425424512,-0.032843068489755,-0.000561387672313118,-0.0343841867588198,-0.0539870569905489,-0.0476429737096891,-0.0376512581994775,-0.0393235059812,-0.0414723030152368,-0.0236753237179482,-0.0175957169549163,-0.0125467920600907,-0.0202831810473159,-0.018087904388067,0.00167508833348207,0.0128168256666429,0.0070801643009672,0.0118239944612107,0.00742650125783378,0.00404769788968967,0.0154180653048246,0.0288730036446856,0.0369830084788376,0.0296184010893254,0.0210016220043772,0.0270674263039594,0.0115258347568663,0.016275107509948
-0.330691283937187,-0.197214238764575,-0.151585983559721,-0.115350872594956,-0.1055329216691,-0.125752308166378,-0.05697950801379,-0.0636914960230217,-0.0426399191339649,0.020480689383398,0.00920418984391014,-0.0238988878380294,-0.0354843049004111,-0.0521108921469978,-0.0375908029104121,-0.0388720722759553,-0.0384944996825731,0.000373056266065763,-0.00638583768925716,-0.0198841796190645,-0.0483077280421468,-0.0433153252378938,-0.0405801420421038,-0.0210811314579186,-0.0298765759687577,-0.0122400777125085,-0.0106773982178839,-0.0397558548875237,-0.0577210072580469,-0.0498758033922574,-0.0416038645355036,-0.0594649185747934,-0.023511493257145,-0.0406214136834669,-0.0367604639539039,-0.0582781074005024,-0.0426304770566241,-0.0443715974539617,-0.0399339417969669,-0.0487210925229256,-0.0435986376257479
-0.224205804562973,-0.225427457343792,-0.177095219573774,-0.157365592344903,-0.107662375969958,-0.119868427566622,-0.1097219938614,-0.111503662046734,-0.0825017485479289,-0.0497799461479068,-0.0370363387076167,-0.0223959088180234,-0.0154849860498177,0.00415141722587242,0.0261626351764467,0.0524266573332819,0.0476743768628152,0.025349743145523,0.0114747332163816,0.00213122139002042,0.0118770694707583,0.0137975441395031,0.00128765367297929,-0.0172914631436824,-0.0311573714597218,-0.0130129304198546,-0.00805212243204828,-0.0195077573443536,-0.0549729191691847,-0.0452806060362131,-0.0420555772049973,-0.0190809053422697,-0.033195871213812,-0.0436151045226759,-0.0412802357758408,-0.0391968366037723,-0.0343835180890876,-0.030234626961921,-0.0354737057318716,-0.0374230153252997,-0.036819853773785
-0.303352677083364,-0.193381735128303,-0.191044614434041,-0.145295305224334,-0.142607281493578,-0.132389204656511,-0.117047304968801,-0.119344766104579,-0.122449070678337,-0.129892135809858,-0.133695807207969,-0.109236290463647,-0.113858127594173,-0.0920354131903777,-0.103069926598985,-0.121656181998493,-0.0903763118978026,-0.100029024606137,-0.0632015210832102,-0.0424050693464262,-0.0270797657502913,-0.0353329906213626,-0.0386085227269676,-0.0525080056207432,-0.0377864084534602,-0.0437846805608477,-0.0362907919361627,-0.0458741572066299,-0.036937113081561,-0.0463328290545462,-0.0526363739320218,-0.0558024301673785,-0.0534657650198889,-0.0324345364227412,-0.0312436999124049,-0.0119988869360703,-0.0332472505774439,-0.0208522609371768,-0.045136862757278,-0.0589020881292183,-0.0461436341410394
-0.35782496913366,-0.258358920807618,-0.186773395290566,-0.143882159186697,-0.147468654904364,-0.138752010533183,-0.125868531419063,-0.116432691158104,-0.07763595574031,-0.0930362331093078,-0.0758997536827556,-0.0897078203114683,-0.0792234413320848,-0.0631914508276256,-0.0912232027805251,-0.0659765807063438,-0.0877341918543102,-0.0362669024192492,-0.040342149658547,-0.040892348324281,-0.0489591015386077,-0.0693551058833218,-0.0651161252193245,-0.0284691974064578,-0.021151076530015,-0.014464729002946,-0.013703999048728,-0.0247780314059473,-0.0300991698667307,-0.0420529108131454,-0.0716853984236369,-0.0657825602752101,-0.0764830829417011,-0.059989711301688,-0.0823329744825733,-0.0702344948294613,-0.0630959879241412,-0.0630752213410267,-0.0724893297247707,-0.0723839916318544,-0.0831998014260337
-0.260663586909568,-0.228930131386465,-0.216898363808687,-0.173495134979839,-0.176489671699615,-0.144489812021221,-0.162621666872518,-0.163131981936639,-0.1564629230365,-0.132644258334191,-0.100058954236567,-0.0747742384788651,-0.0743850820920848,-0.0558978639929173,-0.0540993612751779,-0.0489987928628718,-0.0333578696954029,-0.0112865806884566,-0.00938079895368027,-0.016590519305398,0.00241622572068395,-0.0110116761080498,-0.00272760967894155,0.0152825723633853,0.016437691163553,-0.00938206244727199,-0.0159648660433481,-0.043228731943509,-0.018795601586589,-0.0267410380576597,-0.0379848195525561,-0.0316419472698301,-0.0298737412734912,-0.0549782513726492,-0.042257008450058,-0.053210427602277,-0.0520105088868896,-0.0480813764809407,-0.0378278790977089,-0.042103534129957,-0.0249118353773169
-0.105698095807396,-0.112584683026622,-0.0671029007119439,-0.0217688495396047,0.00689727071938595,0.00335133731003068,0.0369603531919902,0.0426468517608055,0.0585409263332354,0.0401749323199709,0.0403904774152287,0.023767994538539,-0.000701877603059509,-0.00454871330810491,0.000188605891958404,0.0383255202123516,0.0284576614924084,0.0165025117796215,0.0114396341580897,0.0128732340101433,-0.0157287162189147,-0.0312363438345185,-0.007524951642208,-0.00303540698312735,0.00783147179285834,0.0189099369937958,0.0232564280258821,0.0114935751042158,0.0347317872121488,0.0313522703107392,0.00618561717903926,0.00135874911490216,0.00776145270435646,0.00994384644520158,0.00172688613975658,0.000549604844704454,0.038631951708452,0.0459558856061901,0.0488341251252201,0.0278144523835464,0.0406300018602153
-0.294674354184212,-0.208708092142203,-0.159466149567967,-0.15303027944469,-0.132760635245088,-0.144954737492455,-0.157814405466663,-0.126167413168574,-0.0988779846346965,-0.115757127178864,-0.110838581711626,-0.116806304456966,-0.109488348449297,-0.118287847171914,-0.10010681895923,-0.0861584243174923,-0.0972869329119663,-0.108814902487241,-0.114535050945843,-0.112497312970616,-0.103743340444482,-0.0898800716428692,-0.10398863579265,-0.0961320509278309,-0.0961629993614443,-0.0761602043001785,-0.05485361127609,-0.0444140636390373,-0.0332056657402283,-0.0323167844847186,-0.0370535046996825,-0.0316755818581681,-0.023495158255792,-0.0154483660809008,-0.014299319906164,-2.18590869605628e-05,0.0100636715799103,0.00592924572076858,0.0055684884075774,0.0130571103266512,0.00935637996633509
-0.358364103178946,-0.226733237139966,-0.184697659900732,-0.168170495593543,-0.151554313761278,-0.130790945206888,-0.116040271899976,-0.113992335971235,-0.107530856304335,-0.0939387621209012,-0.0809128295283678,-0.0692164860481058,-0.0420184375317334,-0.0555493818918156,-0.0664394675141364,-0.0756953188997403,-0.0921959265967937,-0.0857825432121341,-0.0723786712541847,-0.0915293097140411,-0.0778554164511888,-0.107349289581442,-0.11628706135833,-0.112452490488713,-0.128478390619707,-0.141942834668779,-0.132346740733395,-0.114446544774002,-0.0973671004320457,-0.0970701674242844,-0.097524667505016,-0.109920658356113,-0.127971503439421,-0.122640273450634,-0.121876932787572,-0.121659851776366,-0.101995844819704,-0.0866937911244761,-0.077118515212194,-0.0746492170243783,-0.0641548171331452
-0.318480656027482,-0.322018885340451,-0.299496567379085,-0.274836978062373,-0.247601394297724,-0.232653056825847,-0.188195529290427,-0.170354066798442,-0.154967479449684,-0.108064310484687,-0.123380302419756,-0.1076431604308,-0.0744541023761999,-0.0463060690394323,-0.0488925022177248,-0.0603709578398646,-0.0601445415489226,-0.0632727249537437,-0.0553789585746393,-0.0355305208977033,-0.0179476677268493,0.00795254397249771,0.0112337401662797,0.0240310800187606,0.042789261187426,0.00822310231068615,-0.00874567236762389,0.00937173002426883,0.0250890397398109,0.000651829522258368,0.00176064812167243,-0.0104893808648401,0.0125878980105442,0.0266165612131183,0.0192315149446568,0.0142950286995122,0.00924883533720766,0.0010085341968013,-0.0117841551548759,-0.017973050168804,-0.0211815427086671
-0.234600642716531,-0.141083658182291,-0.0595100083921771,-0.0488816594333887,-0.0438804832921431,0.00526129012158116,-0.0226140928831038,-0.0201324529691789,0.00154942128094371,0.0104679646371436,0.0173575065187443,0.0649590912302134,0.0325344213616292,0.0141695389096297,-0.00170133071053863,-0.00915349035352581,0.0015115098617825,-0.00285000246266534,0.00792158176301769,-0.044801084325611,-0.0665397196204078,-0.0710867818645241,-0.0692623872278934,-0.0299944230995326,-0.0233050003455632,-0.019441576127942,-0.0174026098411955,-0.0130371134316139,-0.0057813510468066,0.0286130959471411,-0.00886582482372034,0.00622490255111507,0.00636078589622036,0.00378893894308241,0.00812070701944478,0.00324514479794252,-0.00309720207041486,-0.0099914889552864,-0.00989665952323293,-0.0142591303334215,0.0027606219853048
-0.253400736434184,-0.143324289171624,-0.147804380157424,-0.127402953245478,-0.0959419952306684,-0.0639860917442387,-0.0390075077773426,-0.0500614495273328,-0.0311466560162615,-0.00124439882055793,-0.00435553612012884,-0.0242629300045675,-0.0486570596631161,-0.0651848105915806,-0.0332879203115233,-0.0325934949560868,-0.0357456975574922,-0.035819703073022,-0.03185070000394,-0.0335982806334556,-0.0298509331333575,-0.044572705495655,-0.0718083005267714,-0.0819879612464292,-0.0595601329572553,-0.0761299130720175,-0.0772412736897687,-0.0935419305132736,-0.102438507029471,-0.104057094908318,-0.0957278901052683,-0.0684184794393436,-0.0587591652149868,-0.0419103980349703,-0.0172287450218134,-0.0169215821154709,-0.0289828243469907,-0.00747786054223021,0.00814052273290722,0.0298536486922256,0.0201518549573989
-0.152454421271681,-0.0360345941411842,-0.0367745740376764,-0.0374415081969843,-0.0383342566763245,-0.00925019606845767,-0.0187016606113275,-0.00814169269493947,-0.00424110812637191,0.0101240006829629,0.0103512594441102,0.0058468659030716,0.00286256086514125,-0.0217704506783223,-0.00522337534569617,-0.00349576149233399,-0.00862265250123118,-0.0175173353421858,0.0174358473840884,0.0186962444952557,0.0275898065187258,0.0217548030781808,0.0430565004905529,0.0483006109068212,0.0463782108848064,0.0357400453312465,0.0117863539291818,-0.00479246234405187,0.00160752017600582,0.00937084844368385,0.0157728327805857,0.0164707550344694,0.0251973904214274,0.0379039242531726,0.0523217203660432,0.0558971139945412,0.0471479756698981,0.0454036996670547,0.052316039662213,0.0496327464350507,0.0611722096902024
-0.149954558659468,-0.118443353193501,-0.0850132132527222,-0.0476709996813409,-0.0321125779552038,-0.0181657563160762,-0.0222372446352388,-0.0403443882873865,-0.0328760687612274,-0.0149666515507897,0.0128240068655291,0.0234862408452174,0.0406462890512569,0.0458455837374977,0.0382464534653479,0.0408994750596053,0.0274209731960177,0.041143720612127,0.0398964763805236,0.0395990313263157,0.0632964925026151,0.0665663778062772,0.0690947222111223,0.0623459019442207,0.0492560066660496,0.0665025544487125,0.0875963915079168,0.109585742680427,0.0882754628194358,0.0679709040411774,0.089635340951717,0.0809851487692759,0.100332279324786,0.093410740516866,0.107163362946309,0.108812253598961,0.107517473540649,0.101510558663851,0.0977544531768044,0.0828444342239394,0.0802129548063206
-0.299276050656841,-0.227356575104649,-0.175511952042663,-0.166686424243722,-0.147452861286377,-0.212002992754194,-0.170069637956741,-0.177875353880266,-0.166600375658384,-0.133254246083828,-0.14107164908335,-0.12810864716937,-0.105659493951085,-0.133760269241821,-0.139629163706796,-0.143791716949675,-0.156518680076742,-0.169730909908504,-0.134970489919659,-0.121583018617805,-0.121882614887594,-0.126515764957319,-0.139047929284679,-0.145549758535278,-0.147467308614718,-0.161887242218132,-0.170953697198232,-0.197321182173595,-0.178512261128776,-0.17669819213671,-0.156767832168124,-0.150555170469972,-0.16640612820652,-0.169761670762265,-0.171401367306603,-0.157280970189869,-0.171166878398388,-0.175124565180825,-0.177662114187579,-0.173614448294666,-0.166222760892594
-0.212437854309479,-0.167682429884783,-0.144951632259112,-0.153897069046622,-0.171173875535586,-0.132265208228231,-0.151752211222498,-0.130532938926637,-0.112138723353195,-0.141247118928986,-0.118289031308195,-0.123833796489064,-0.108934467762242,-0.117046616524604,-0.114665693459915,-0.132867488190602,-0.115448119852709,-0.101715551261833,-0.0730932496283914,-0.0994832657835222,-0.097234988864921,-0.0834836689788996,-0.0880739001366569,-0.101445218245613,-0.0858382446009841,-0.0837495820702087,-0.110308415492077,-0.125592692843369,-0.139191097520849,-0.128221769499607,-0.133505506631557,-0.14176540466339,-0.14278825174782,-0.133852215559006,-0.127518880193156,-0.102884447769251,-0.103303132705163,-0.107693150299356,-0.100665223116099,-0.0954142986710604,-0.0730605569431018
-0.331423319536429,-0.287482105646781,-0.258468121064111,-0.262396731777153,-0.257163484631378,-0.211648553094451,-0.1899561062405,-0.179919083249927,-0.172005690079068,-0.160280031928168,-0.14379042801323,-0.106766304602075,-0.131693305738989,-0.118173660203585,-0.113836266980414,-0.123127039419089,-0.12361361421762,-0.143530088648903,-0.125416039446014,-0.122837923703379,-0.11866381600618,-0.115296105036772,-0.118127427795015,-0.0890034527551985,-0.0511581668912889,-0.0686290477159981,-0.0659217872865049,-0.0612503788608004,-0.0563912440563912,-0.0527666172089002,-0.0388883058138036,-0.0517284916081829,-0.0458585776127378,-0.0368381547140004,-0.0273734818577684,-0.0300249360362484,-0.0208076260118933,-0.0251158218424274,-0.0134201403780882,-0.021992548916365,-0.0154369110059662
-0.206497092194108,-0.14796428177361,-0.0753634883771372,-0.0988703898747902,-0.041474297663141,-0.00786261449245562,0.0172524209677687,-0.022546060339618,0.0127617503659837,-0.0433641544763008,-0.0248116396360509,-0.0171322605165214,-0.00411793310513364,-0.0178926879145143,-0.0651574734737765,-0.045766735873172,-0.0436346867933303,-0.055119694939612,-0.0752326552350532,-0.0626046771565532,-0.0685875480743577,-0.0705280081755119,-0.0357406063487008,-0.0271076360385328,-0.0078617263994394,-0.0318659510677729,-0.0275982131290549,-0.010806496256992,-0.0303101499165408,-0.0285194189082435,-0.0203988248801267,-0.00289922244702051,-0.00671286577420344,-0.0127474305236101,-0.0101681516834788,-0.0169558774193464,-0.0148780963390425,-0.00852849483151896,-0.0160151047859955,-0.00999774961074767,-0.00832201797192872
-0.323579919793888,-0.296938234347114,-0.269583524670814,-0.198918016036367,-0.181116524549584,-0.124071667980532,-0.108985649101857,-0.10404954017361,-0.103032684004025,-0.0999985032345926,-0.085052139262371,-0.074911825165759,-0.103315533162943,-0.112225011481512,-0.110203296052842,-0.10136555061182,-0.0750976925577497,-0.0691397642825545,-0.0667662771803319,-0.0725899995196924,-0.0590014884628084,-0.0477394887479826,-0.052801362766511,-0.0458754794745228,-0.0569620097169451,-0.0724452872879051,-0.075402078522076,-0.0910051542834552,-0.0900077976118455,-0.0780806507670811,-0.102178206607643,-0.0928976026358044,-0.10957308413351,-0.0802085511746397,-0.0795403228802123,-0.0533917239363231,-0.0337526765644479,-0.0327010844901246,-0.0351919702118487,-0.0488485796395786,-0.0386910512497308
-0.18633623777576,-0.11363314923613,-0.0663145352990246,-0.0695147461206913,-0.0877211021920306,-0.116765927979011,-0.107010973109449,-0.118922545960551,-0.119648183445183,-0.0870532923015235,-0.0829063035589312,-0.0656417833324748,-0.0730522121096637,-0.0812370717935724,-0.0857013755169926,-0.054786832294982,-0.0904136464055703,-0.10520633414904,-0.0868137008703768,-0.0715957833773777,-0.0756582808242411,-0.0771384099109782,-0.0793132716345088,-0.0787330158999723,-0.0638692605223816,-0.0581335867985627,-0.0596298115875564,-0.0902854492868344,-0.0619509961071436,-0.0696499443100053,-0.056496478942234,-0.0446203929194943,-0.0261114482488048,-0.0350052575765477,-0.0293259417569869,-0.00276611308585534,-0.00590391776403393,-0.011145091129277,-0.00573153986267089,-0.00561513171715933,-0.00243317526583153
-0.297345867093757,-0.196080601206001,-0.167482740273439,-0.0903019052154783,-0.0895683359356909,-0.117380718114894,-0.106426604234588,-0.0935026682036725,-0.0282923464163225,0.0287259567700122,0.0181585476536438,0.0195902239446532,0.024179831026128,0.0579069411550518,0.0732071681515183,0.0751018169172382,0.0837512263655765,0.0697989329110942,0.0603518533789089,0.0713995671063928,0.0644618111434552,0.0839653951545226,0.0853779037961962,0.0818211337620257,0.106182213763878,0.102599741986803,0.0939534066017521,0.112018581927692,0.0913070704992187,0.085777993534596,0.0876870660124263,0.0886992736520775,0.0899385313139035,0.0884106798777917,0.0881903596277607,0.080801710441373,0.0622653416022623,0.0333702138570725,0.0433446134279096,0.043069028277808,0.0479120744784413
-0.292184590171324,-0.244405109343848,-0.192665637615662,-0.206910925169485,-0.176296432752277,-0.160405757321975,-0.118440002908741,-0.125386923035045,-0.12616855540955,-0.157594272565055,-0.14460324158294,-0.145637307180027,-0.12980929022464,-0.136104925299795,-0.12458645565596,-0.146927163010463,-0.114190809954661,-0.128378932095764,-0.107136745388197,-0.110825243107644,-0.138369396926943,-0.124592407845884,-0.113501966734391,-0.136080601539292,-0.138982669147318,-0.101585997462958,-0.0890309954399186,-0.100238213278321,-0.0831244198244768,-0.071224984145098,-0.0620068217364085,-0.0768141094212705,-0.0870774830004521,-0.0753051479194381,-0.0748252627828192,-0.0751541609085925,-0.0923373784170081,-0.0909450232512875,-0.0742726681094924,-0.0660467529301058,-0.0723074607957124
-0.28732864104262,-0.189083187625082,-0.142284072299949,-0.142348740516437,-0.08483935219463,-0.0457699763755601,-0.0799414009706649,-0.0590066541511237,-0.0786776899952829,-0.0696168285880419,-0.0957937388988177,-0.076519242082644,-0.0770642380664348,-0.0592762402660009,-0.0668332216445283,-0.074349228528007,-0.0643596494490745,-0.029557279211927,-0.0510704630147708,-0.0473232810454178,-0.0460330639759332,-0.0528489759757439,-0.0916330758484844,-0.084090389576632,-0.0626116291723439,-0.0787539977898045,-0.0927975842082622,-0.0975596618298316,-0.0985527321521874,-0.087966257870092,-0.0697764154701943,-0.0720972850819989,-0.0828512521281176,-0.109975779927172,-0.126529481642968,-0.121803396202414,-0.0907982654137322,-0.109857531934125,-0.103996293569533,-0.0897454870496599,-0.101211356030433
-0.27049206736507,-0.238950655691446,-0.189769052568988,-0.194214470959959,-0.153984369419587,-0.184976003241826,-0.181465686670545,-0.155560000304158,-0.138395576710656,-0.0624510968988223,-0.0315454921093341,-0.0433320514575751,-0.0441510611855315,-0.0379190401400856,-0.0173065192161588,-0.0366227011612066,-0.0338519725642922,-0.00659263631925397,0.0107055202959997,-0.0176243000135235,-0.0256286858071861,-0.0245554395784477,-0.0154071664940226,0.0172846353601088,-0.00508576244334048,-0.00440336670192913,-0.00465691453641898,-0.0247966675370731,-0.0281948988296482,-0.0312906331213284,-0.0340835069152773,-0.0290919360019286,-0.0325919827496928,-0.0245313096191138,-0.0135972238637413,-0.017036793937993,0.00135374676941152,-0.0073209650619353,-0.0214688040795807,-0.00141139486226699,0.00269631837801787
-0.191329044025807,-0.113912417115642,-0.0721029153015438,-0.012461068627224,-0.0220206569991792,-0.0272993534950015,-0.024060351044205,-0.0242860056018835,-0.0238940169085702,-0.0247106052205834,-0.0307944072456179,-0.00153273092231188,0.00117754420049937,0.0153821223079258,0.00242768224165479,0.00692325447248898,0.0093909010829292,0.0222324569438434,0.0151480068253536,0.0365799043267337,0.0616177443218683,0.0651524967756998,0.0566011417017559,0.0735446294096099,0.0870855587297678,0.0947059366026643,0.10189447518422,0.0852102917611483,0.0752810870105401,0.0846330028212028,0.0739164583163783,0.09136792572244,0.10399811825406,0.0887645197509354,0.0927332440549602,0.0884763809529207,0.0942569394730018,0.0782845719609346,0.0817914954413292,0.0780517573138502,0.0884439671969662
-0.244367361054069,-0.177654371156692,-0.156878138111155,-0.134056417661951,-0.119444563447328,-0.0653381013363641,-0.0817766002945707,-0.0616587839383653,-0.0547257647172745,-0.0417331122911788,-0.020369873427283,0.00177786193775464,0.046990817289098,0.0785586509269531,0.0258660570436682,0.0210955222172549,0.044073675799223,0.0199280389716371,0.0307372889531466,0.0297403163283491,0.0359093497967821,0.04134977096842,0.0334804849574389,0.0297709875802687,0.045515863486523,0.020849090058433,0.0186911801988512,0.0184681608634878,0.00744727942158854,-0.00310132932068283,-0.00935279261663952,-0.000552819954518113,-0.0105000072286319,-0.00434438220629824,0.00550017540607489,0.0178010492184794,0.0145597463170565,0.0132251792013806,0.0119927264973731,0.0129495769810859,0.00041745537886817
-0.286644893919825,-0.199622761709363,-0.128229731579722,-0.0838070069346848,-0.0674780986311747,-0.0501734503978908,-0.0556407973332529,-0.0305049826762286,-0.0233008146905198,-0.0158040956905597,0.00152088227385527,0.0239695001765881,-0.0032905133122203,-0.0284875600574889,-0.00560799131259226,-0.0133816847330899,-0.00712400359152426,0.0188348367038886,0.00621692814136168,0.0177357846755357,0.00179852314944369,-0.00606292196716687,-0.0132729035958756,-0.0388206487773444,-0.0529399792571797,-0.0415407875234576,-0.0235977891442408,-0.024714230053021,-0.0167799956810409,-0.0228101742899369,-0.0202404530287093,-0.0125187262076992,-0.0234078210044861,-0.0242549660644983,-0.0162791660822471,-0.0285102003267307,-0.00487604510008538,0.00657196769822849,0.00166665669649457,-0.00175453825613936,-1.60484627130808e-05
-0.175867444466379,-0.186897457035076,-0.166961166364556,-0.09002927929713,-0.068427753214733,-0.0783328085564641,-0.0596339586776609,-0.0643713382555339,-0.0968976721677673,-0.112354289818626,-0.104983709164681,-0.0885233209021975,-0.108956712908797,-0.109348868747057,-0.090343268087115,-0.0844433104086404,-0.0846965216379374,-0.0800796487729172,-0.0868734541479557,-0.0691763120241304,-0.0693019692387895,-0.0602870475444361,-0.0528777592031891,-0.0495570041381891,-0.0563190374028026,-0.0683296897584624,-0.0455053423048575,-0.0432771109436922,-0.0575328232332218,-0.0611732462915855,-0.0422802395456486,-0.0188574978791021,-0.00743527626456547,0.00412801728020279,0.0203510487484562,0.0285730463128274,0.0366720092134271,0.0344330125194229,0.0204592614225456,0.0183589030867974,0.0294031149046399
-0.243051205713854,-0.242257124858136,-0.279250384461906,-0.258164491074395,-0.240221207056006,-0.177843888039096,-0.100780346000703,-0.0921633384042158,-0.0638891865534452,-0.0405474050487754,-0.00700414104557234,-0.0116252651610274,0.044593079520441,0.0660498715257862,0.0476751523506496,0.0629271931134626,0.0483601165675051,0.0532369383230679,0.0411021229190228,0.0103326226751363,0.000685952394608613,-0.00783719146117311,0.00839196173324829,0.0330321423544964,0.0310978105019619,0.0233754681614404,-0.00239450979011076,-0.00176783544608705,0.00492288131696089,0.00528268923945197,0.0134103220822802,0.0112241342640459,0.0138436042235737,0.0259000329807878,0.0129993908256738,0.0299081642486138,0.0376245105625347,0.0497849921022264,0.0483637988221509,0.0563570314908689,0.057787940538629
-0.316775029967587,-0.263077621578131,-0.197706435124248,-0.140126672876554,-0.0872569746178515,-0.0821583493504621,-0.141307931946667,-0.150128175576641,-0.105031833165636,-0.0836379301102956,-0.102986587036833,-0.118371496649462,-0.114048545074546,-0.116005903590712,-0.0924109769470197,-0.0977925282767559,-0.0967950546692201,-0.0913807564647148,-0.0738341472766981,-0.0872173281283928,-0.0673338315261835,-0.0495176223613568,-0.0282051391560065,-0.0106501405910958,-0.0229041294357088,-0.026388150639995,-0.040957490866724,-0.0334011950250345,-0.0264972848786542,-0.0214389504915416,-0.0128108732369407,-0.0100160527119746,-0.0222959704593684,-0.0207815943967057,-0.0341467522854298,-0.0135619188274004,-0.0561712413693199,-0.0687647008033056,-0.0639962235987203,-0.0632294167010595,-0.0441653532238176
-0.309197197103319,-0.206187960083536,-0.12870357604124,-0.0547006858418095,-0.0687901368607369,-0.0450152678970142,-0.0616683705084971,-0.0411383344020427,-0.00749733853508472,-0.00500405935744863,-0.0343239006235884,-0.0234643148628365,-0.0189435543283566,-0.0326687186976718,-0.0331580940045391,-0.0443441819320508,-0.0516882729429917,-0.0650906480657972,-0.0567262056742336,-0.0571959188650608,-0.0502574314032766,-0.0298017407886425,-0.0287265521911424,-0.0412100319460566,-0.0521594322554369,-0.0327574472643303,-0.0259056368154161,-0.0351022841982722,-0.0392955037679277,-0.0502167346897621,-0.0214607508041899,-0.020908184025016,-0.0317148839551899,-0.034467349150842,-0.0400001873026429,-0.0434020838267007,-0.0252662894087163,-0.0140522120429055,-0.0118725710841139,-0.00797748359588357,0.00627585678067599
-0.36489930198121,-0.320476627817885,-0.303141470324146,-0.239451436257431,-0.171551835397434,-0.155486198068154,-0.179164219327623,-0.217729029982599,-0.196568916734945,-0.160349211127598,-0.152893960485749,-0.167683911383542,-0.159874096325838,-0.156668086537221,-0.146790586869309,-0.15037322012373,-0.107974441529862,-0.0743648402773605,-0.0808957629265373,-0.055123140599898,-0.0741155963161805,-0.0454059293164227,-0.0365206614064723,-0.0400785083445939,-0.0445886161253519,-0.039344910642991,-0.0512298458612186,-0.0581010808668329,-0.069275513380895,-0.0851694579214612,-0.0813012561527909,-0.0770552095721552,-0.0668884260154456,-0.0718269829645964,-0.0622165161922135,-0.0599490996437042,-0.0537119013139017,-0.0514295700135534,-0.055977740550393,-0.0675195361671169,-0.0562437134989647
-0.272252083415834,-0.261451445363198,-0.248707108832755,-0.210236868673168,-0.197809105477751,-0.190294480665947,-0.149088815934124,-0.159645970524544,-0.0966729215192327,-0.0758795416487982,-0.0894670493168079,-0.0874086635975148,-0.114859336558855,-0.0863796388816275,-0.0630310673070485,-0.0694928220085202,-0.0474901375743735,-0.0365861668619226,-0.0411161621529668,-0.0518642995804202,-0.0476108036782222,-0.0591027502149378,-0.0623098250420829,-0.0590077487686331,-0.0731286711566627,-0.0605084576828966,-0.0541082194796826,-0.0611341110224717,-0.0499115480781589,-0.0424024614918223,-0.0417662053064269,-0.0518084497170579,-0.0416778228416391,-0.0437766032188663,-0.0305104013363232,-0.0302534784787462,-0.00732220189113786,-0.0114389015045721,-0.00781867969884659,0.00440362897483737,0.00921402740549782
-0.329696532524423,-0.208869237123524,-0.204376838045175,-0.15415574599084,-0.152486126998311,-0.163322065123047,-0.15531700102599,-0.127357718061242,-0.115323185239815,-0.0843315022868371,-0.0962955954538225,-0.14277932524872,-0.119286231520635,-0.113852014834054,-0.119847553419158,-0.135491693975477,-0.129301274340272,-0.103670111138711,-0.107036789025288,-0.122936043986363,-0.141736030152933,-0.137837186156317,-0.116882444768239,-0.1335454646331,-0.125131915941873,-0.126845285320634,-0.133317053049373,-0.124383716916653,-0.142106648617324,-0.130482261873255,-0.126805574884348,-0.108950241255845,-0.0787813324602268,-0.0762328051377133,-0.0743365397321873,-0.0549554055139238,-0.0518284802411585,-0.0586607904981249,-0.0783251508782881,-0.0764694854395941,-0.072301381163648
-0.310596782568507,-0.227346150225069,-0.15529195025888,-0.136418613625394,-0.112974303853692,-0.141071799898196,-0.122994704465494,-0.104961310732347,-0.0668260486233243,-0.0466280016839803,-0.0502917681935277,-0.0735003436553718,-0.0467184401185413,-0.0595770609930947,-0.0556367667397829,-0.0837100183548691,-0.0907153842137192,-0.0875251582124058,-0.0739022441610077,-0.0681434866808273,-0.0808885264189743,-0.0758118050090722,-0.0643111200749882,-0.0680544419850964,-0.0645387220142931,-0.0580106856056557,-0.078228899502737,-0.0602825473908725,-0.0432582008234001,-0.0461473217517799,-0.0274303753870292,-0.0187411339136395,-0.0219783771890818,-0.028477110015932,-0.00652886539607417,7.31638384548483e-05,-0.0124075145486934,-0.0218099570962406,-0.0314268935121985,-0.0210547925351022,-0.0234528047737559
-0.375853213778685,-0.241481048858001,-0.22177133005675,-0.228268631698943,-0.190128832787335,-0.160628456240148,-0.167216842889148,-0.14876182434747,-0.118051004184733,-0.123616194510077,-0.0972857561789414,-0.108502201211785,-0.0885105917202055,-0.0688513948196153,-0.0999441255680269,-0.0851825870888998,-0.0712898550799228,-0.105876117887138,-0.0959055929658972,-0.120006180558344,-0.114641481312363,-0.0836712286036536,-0.0819500335756838,-0.0880409228212606,-0.103107251712341,-0.101464278886468,-0.101305213089319,-0.0687068067810155,-0.0566561567656121,-0.0674218369483118,-0.0800048734309581,-0.0639846953673113,-0.0774608130151729,-0.0705791783058687,-0.0670277043132324,-0.0872536906250553,-0.102286000913177,-0.0979489174060008,-0.121156678907517,-0.117007625037832,-0.120776835023931
-0.353032281926011,-0.21194023406463,-0.201342745717943,-0.204626136421142,-0.167177037914874,-0.163259298504639,-0.111123868497949,-0.0364205674661635,-0.0448622651502593,-0.051132160580443,-0.0549675949184617,-0.0602850696601824,-0.0550599503552269,-0.0424257583298844,-0.0428455964599834,-0.0313223658744018,-0.027257963023987,-0.0407388606252216,-0.0342582003612879,-0.0556352581916787,-0.0724536675697221,-0.0758205671729432,-0.0626363470086569,-0.0440749801876133,-0.0197740108877357,-0.0267532267874919,-0.0255275457417262,-0.00616154182763706,-0.0178261112527099,-0.0102716310294694,-0.0142320779288151,-0.0206227067092234,-0.00911469572630341,-0.0050196863713749,0.0152570049377108,0.0148178673137978,0.0117932424651431,0.0384706173051302,0.0403850809796041,0.0402390054240743,0.0330024872200622
-0.241757000051857,-0.172454536709306,-0.126603666683926,-0.10845659580502,-0.0772310475146556,-0.0972216214226451,-0.104989522473658,-0.124132019417644,-0.144451683543375,-0.123057096476613,-0.0754000117293647,-0.0812369330430165,-0.0853702527390414,-0.107282398773621,-0.13002122426725,-0.09535184147204,-0.0843628221744706,-0.06141108705564,-0.0256973935423779,-0.0413844308861749,-0.0449536883363244,-0.0459988485895231,-0.0703611106808011,-0.0797952347083749,-0.0744858222060467,-0.0841996189738708,-0.0701924535948608,-0.0513798469102167,-0.0370933355000079,-0.0278110195959388,-0.0319540490319236,-0.0390080468044163,-0.0400515722481691,-0.0224985439970024,-0.0202053894183944,-0.0112459581282142,-0.0119825073453687,-0.0162001994512794,-0.0232233430101029,-0.0355881490629023,-0.0271470562799059
-0.268035441352551,-0.190895917507645,-0.123690430227344,-0.118482931359601,-0.114210962934829,-0.0610290950087893,-0.0501963819836705,-0.0468236012610972,-0.0428187581243777,-0.048668432302498,-0.00705037750467441,-0.0279969632510652,-0.016983587720962,-0.008209624398751,-0.0239121526018985,-0.0326495483203253,-0.0474052214488352,-0.0496124785960123,-0.0112866001394461,-0.0122286813680227,-0.00478022413111671,-0.00993578144914283,-0.0149265163127611,0.00272928069864388,0.00154670617459184,-0.00662204424115238,-0.0183124802170194,-0.0134077045362764,0.00284089511083627,0.0016631428605158,-0.0168652278606637,-0.036832017482594,-0.0203433105453369,-0.0220572901700538,-0.0283052918966884,-0.0292690091869108,-0.0221805795005144,-0.0152263620156504,-0.0296135656330244,-0.0324106869064803,-0.0269060076061426
-0.313293969636829,-0.236974081987243,-0.16025123573903,-0.152990507921821,-0.153774975119543,-0.138706564224698,-0.0996236092400116,-0.115081638224804,-0.0898965434656859,-0.0655512905919171,-0.0557768524849075,-0.0599424394888266,-0.016316198996166,0.00495637528814447,0.00822710458641207,-0.0131129694442355,-0.0190190444556954,-0.0521979831649926,-0.0720912689245072,-0.0635907864111461,-0.0498254343529425,-0.0598148496139401,-0.0630390905771211,-0.0633149843609392,-0.067337895297735,-0.0184268364949357,-0.0123664333796976,0.000525519933262636,-0.0158426117255481,-0.0282451344519591,-0.0196156196648098,-0.0162307632983945,-0.039807166170282,-0.0366043580594086,-0.0123481448418865,0.00164084448150548,0.0126948474044629,0.0276988923867468,0.0397042395632727,0.0469643278349838,0.0394304504708013
-0.26910283949454,-0.14882719148836,-0.0716977849862575,-0.0436541694485024,-0.0857068082256005,-0.0651221928408736,-0.0803380917057397,-0.0568859174003991,-0.0532470513272768,-0.0684246409903253,-0.0863059239574188,-0.0753379260343227,-0.0411491871315882,-0.0543499059975689,-0.0929407587415013,-0.104642727002671,-0.0956208467640532,-0.097234647748344,-0.0910282764097262,-0.107442268232919,-0.0992743399066539,-0.0866111928220982,-0.0589223518024408,-0.0409365039204153,-0.0541101911395932,-0.0358753825536343,-0.0211927410511803,-0.0133304474685382,0.0219512521077576,0.0336902579398975,0.0347197052534383,0.0147873789421297,0.0294517417205603,0.0179767294080014,0.0460713660359028,0.0496663578593738,0.0507996816676786,0.0587796284055183,0.0373416714006533,0.0242320042353615,0.0234143617296039
-0.274881983511304,-0.215781934337533,-0.181364766309678,-0.126964979849756,-0.0465615997737663,-0.0467399886511415,-0.00672579619361424,-0.0247114264939432,-0.0267833633387061,-0.0570564041227939,-0.0547426758322086,-0.0554102732501391,-0.0510710611381682,-0.0363719143218889,-0.016904492508188,0.00166123620763525,0.00417509266901794,0.00323279872865548,-0.00635474326355567,-0.0173343069213979,0.0170926583084412,0.0487320906608299,0.0531274428548681,0.0467128904007957,0.0538729824899044,0.0524440190175319,0.0659443965137069,0.0729090709662145,0.084048014944689,0.0889637229654866,0.100700995321857,0.129885973655381,0.128381188260326,0.123526300385353,0.124261460371251,0.126235959407492,0.108862410500514,0.0834396554195457,0.0738907236951319,0.0745294291309124,0.0666665065865273
-0.250265913527064,-0.161935300605335,-0.102518012770532,-0.0824572262339456,-0.107000859588763,-0.0952771749829426,-0.0514727902169165,-0.055402487801183,-0.0306369974598619,-0.0108446852155366,-0.0125334443572149,-0.00321580663320931,-0.026376258096703,-0.0380615081390959,-0.0542938874687297,-0.0441932280886793,-0.0444784347688278,-0.0516857450772363,-0.0544127928227219,-0.043936011856009,-0.0619492566690945,-0.0413338878621642,-0.0469619740938263,-0.0381010983826537,-0.0392471429501564,-0.0326056210711859,-0.0161270956355974,0.00431711831032949,0.00817875249437702,-0.00247526912455467,-0.00330151932320411,-0.00435765811253763,0.0121641449169791,-0.00752830474104049,-0.0331921743041989,-0.0324082030792492,-0.0492601299656958,-0.0637374988575475,-0.0489386245788601,-0.0694345338859381,-0.0765008554710188
-0.199273572433571,-0.175325610018315,-0.130419456790346,-0.0148842846934818,-0.0287904479571364,-0.0466207531577416,-0.0376006758281457,-0.0133982047243123,-0.0149530107338282,-0.0116985515429882,-0.0104761348802497,0.00175077410068603,0.0206130854742401,0.00990975680950967,0.0233100843836812,-0.00456544164717687,-0.024101297039396,-0.0284439672117066,-0.0165601523885407,-0.0184126869469935,-0.0561956438571638,-0.0750093726827722,-0.0747659519816372,-0.0752280067505878,-0.0723952450646079,-0.083083436265483,-0.0866138706432766,-0.065558977381066,-0.0417226233727935,-0.0411743685433253,-0.0572579915928149,-0.0521120893121308,-0.0468512752690247,-0.0287762928104162,-0.0289193488341418,-0.0168506483042589,-0.0297093599399273,-0.0355229776307894,-0.0371455123207003,-0.0397467299812265,-0.0264553405755141
-0.159266305808728,-0.14859081190645,-0.103391054981145,-0.115931330377033,-0.083914125073461,-0.121349632004752,-0.125576939912528,-0.127367086327427,-0.156773990855648,-0.135459732547104,-0.0939452153993854,-0.100395106298094,-0.0865542448114089,-0.0641508413254661,-0.0750362488157827,-0.0627038622918825,-0.0639722575091245,-0.0307432759996684,-0.0350452762622127,-0.0474958766107638,-0.0764021322376707,-0.0639551211750363,-0.0683611334590189,-0.0507644901612287,-0.0538385669493693,-0.0462769951351521,-0.0321845260721982,-0.0434869834124371,-0.057639748887992,-0.0636492506610402,-0.0572230568076155,-0.0302768747538796,-0.0234035792281271,-0.0330151668844408,-0.0272297809607723,-0.0228959309688736,-0.0203273767466142,-0.0324146122724167,-0.0361781535917802,-0.0169938133422171,-0.0109305792028728
-0.196168008804896,-0.189174215031636,-0.163472087887328,-0.11764299063251,-0.0801998521787533,-0.099542965807395,-0.0628656751791752,-0.0503885596212894,-0.0131258496852743,-0.016463670259979,-0.0329712514309211,-0.0296085300356063,-0.0292192043370912,-0.0100823702671056,-0.00121729855618363,-0.0207894135458684,-0.00208810630481293,0.0164357526884052,0.0290363455406732,0.0332301359990402,0.02148988686093,0.0195138046321626,0.00829625201834934,0.00811074561843643,0.038135053848766,0.0484840911099604,0.0304211042103005,0.019658336687671,0.0261906002090329,0.0165896520481958,0.0460585707305645,0.0599360307141018,0.0488411971448834,0.0660632208679746,0.0492636391437937,0.0609117648527634,0.0450885878597347,0.0464889276919948,0.0509303147817387,0.0360022911164916,0.0412854248348492
-0.150688154682912,-0.13276759393919,-0.0933245717829192,-0.0122157931038058,-0.0283062687467215,0.0338878200826329,0.0470104594065186,0.0170903502851072,-0.00473171900652802,-0.0204997167393168,-0.0286441869755818,-0.0389694180061194,-0.0576821753114463,-0.0637099967875209,-0.0386763282894807,-0.0262856268965006,-0.0489408277734548,-0.0513658064732468,-0.0505268942550696,-0.0742943459202982,-0.06010752875016,-0.0846029999909893,-0.0580087656633574,-0.0283853112551606,-0.0282930625150331,-0.0412443265601247,-0.0306116383301592,-0.0512134877787179,-0.0616387608113517,-0.0514269620940929,-0.0461701728694469,-0.0421505095932981,-0.0347635369731563,-0.0215449810487289,-0.037231735482133,-0.0338069918770397,-0.0202795196242699,0.00903410384080638,0.011468148585319,-0.00916106994381105,-0.017812603053737
-0.221804340969738,-0.0813227924808799,-0.0298510244492611,-0.047563849140039,-0.0573509915063461,-0.0220225148912931,-0.0144119283329709,-0.0443020540012212,-0.0521144126690822,-0.0359767835472176,-0.0122794588395957,-0.0119564978332991,-0.0106856147287355,-0.0318231544535191,-0.0297392022787912,-0.0582557100073285,-0.0493621221226698,-0.0166554829564723,-0.0254849644151967,-0.0339827580909856,-0.0106145281221844,-0.00118982212792479,-0.00307221690169533,0.0187853472297484,0.0178446028100346,0.00970802185762046,0.0171349913295284,0.0109389449734575,-0.00399959065320743,0.000259277641499328,-0.00335109336531969,0.00509501195285522,-0.00217371897105323,0.0166690835987572,0.00416406436350741,0.000964493665029265,0.0124895943464902,0.0167523470464951,0.00890919136762858,0.0111888771457407,0.00142307449806123
-0.399525406077135,-0.309333754171364,-0.301567693412079,-0.254865588225258,-0.222477339331601,-0.193397591991389,-0.140480103492916,-0.109547504424206,-0.0704390215403339,-0.0821140451743123,-0.0626682042782267,-0.0876155624218987,-0.0813431475252313,-0.0641126066951019,-0.0621174609142358,-0.0444925871343956,-0.041575532526524,-0.0577960219723943,-0.0661325181723042,-0.0596115842157695,-0.0638711348140778,-0.0447078895192544,-0.0324233863260463,-0.0501404091371796,-0.0474021011237538,-0.0352753006220493,-0.0163481907204076,-0.0118605929082777,-0.0164949153367317,-0.0129476712174266,-0.0121400632228251,-0.0078108917682877,-0.0112141666884336,-0.00691589553510952,-0.0170265199255263,-0.0224856502447711,-0.0197079513142169,-0.002988523970474,-0.000739058522941427,0.00843297276341265,0.0205277602928636
-0.356931883958294,-0.310375534742841,-0.203038993597758,-0.131034113080138,-0.118083863102078,-0.0814509386480406,-0.0462421436703373,-0.0859615691176624,-0.118575116236932,-0.10418213277459,-0.094898469399296,-0.0981536251384157,-0.0704794047646976,-0.0754384576380489,-0.0241643421096494,-0.0293543635311517,-0.0140598986204513,-0.0106187536520502,-0.0254542741337133,-0.0367994290498924,-0.024555173486369,-0.0297328166662008,-0.0365268629198757,-0.0211322372682461,-0.0205610694188708,-0.0168989212075384,-0.0278006005302786,-0.0392328267360312,-0.030066818082721,-0.0369948872396261,-0.0592291434041758,-0.0400985735847929,-0.0443346848051087,-0.0425246977129061,-0.0178503147237936,-0.0223117013873159,-0.0222600428379687,-0.0417640945234618,-0.0541435806603884,-0.0468609689972225,-0.0400343181128493
-0.203348899653723,-0.191282112471345,-0.154196743499825,-0.0685699879416972,-0.0960050435304671,-0.0894838963913316,-0.0987451053219751,-0.0518461638134134,-0.0583119475929261,-0.0465191641659564,-0.0340496977195911,-0.0143740890431938,-0.0405468660175316,0.0110345707366443,0.000836895775345403,-0.0314361500425984,-0.0437282329051096,-0.0148853450117165,-0.00747292501842595,-0.0327685494925801,-0.0456906233456859,-0.0637109601077791,-0.0395913408846699,-0.0461559483163456,-0.0547203492466774,-0.057559402261472,-0.0499938279001699,-0.0515774257033327,-0.0597895659134751,-0.0719622797572098,-0.0757189056654415,-0.0825677925988317,-0.082943819724648,-0.0709198608279131,-0.0468487244571392,-0.0393650535072122,-0.0486901093486428,-0.0486234071032504,-0.066113329886126,-0.0477968162291038,-0.0375948255659247
-0.26667547481948,-0.192565857279966,-0.19715838956771,-0.161976510426034,-0.116961745367789,-0.112066835448299,-0.106261296082502,-0.110544464473894,-0.0711759290332106,-0.0115626445681737,0.00468259129918269,-0.015338365870236,-0.020641519270597,-0.0284185506253579,-0.0290270591473163,-0.0202169389078856,-0.0264986742652727,-0.0247380133021384,-0.0348132270686696,-0.0468993125232509,-0.0384506436678186,-0.0254880339004636,-0.0424340396098658,-0.0231191215537644,-0.0120903484638427,-0.00878105603003064,-0.0166091620923491,-0.00592083215127678,-0.0182617398242068,-0.0126759353634719,-0.00299241254314292,0.0105869563243307,0.0218114597894865,0.0123841017985076,0.0106079132957182,0.0294447694967198,0.0397081377604563,0.0223111954085026,0.0328091225210279,0.0449403978574662,0.0351794091514733
-0.275522383289664,-0.220792298719851,-0.244285951149855,-0.24335407942169,-0.189466366637719,-0.152469400987358,-0.113150115156641,-0.13782016245774,-0.116773354352149,-0.136119425968432,-0.137283902465871,-0.0883284702352197,-0.119283741522044,-0.107425677889129,-0.0901793247920371,-0.0796602033846985,-0.101769467988655,-0.1305912381057,-0.140493986601208,-0.103489296249136,-0.0988690258918017,-0.107694665916744,-0.107804088765051,-0.0920913240659847,-0.096051824630876,-0.0944209651396565,-0.102614846131283,-0.0969227876612136,-0.0779057125158023,-0.0920059824773371,-0.119751868729098,-0.098842610981587,-0.108555845048673,-0.0967094359756137,-0.0867997146312046,-0.090519874430347,-0.0827290020046234,-0.08245559128692,-0.076102221050902,-0.0667256496323232,-0.090819335106904
-0.396071255205542,-0.278235273596376,-0.288844652988971,-0.242067529960219,-0.256439339217823,-0.202260977898757,-0.191128229288756,-0.167735115416015,-0.172016799283664,-0.17122550173871,-0.148179947386497,-0.152560861652771,-0.159578044423312,-0.151014520758241,-0.159673465915451,-0.13818820601796,-0.124058389482886,-0.128343003471521,-0.128538114210556,-0.133786363406035,-0.124852629610229,-0.100178808857477,-0.117577165991881,-0.135380530040367,-0.134666823267084,-0.127019978855464,-0.129611275608554,-0.137446594880776,-0.127406418545798,-0.116407468547218,-0.0983075441344207,-0.101171537574124,-0.0801709384468264,-0.075027569727855,-0.0695164690001496,-0.05737754718682,-0.0788453361183249,-0.0714082149713117,-0.0768286970347036,-0.0768158558220433,-0.0730177144264825
-0.284194460459323,-0.289585145806005,-0.246171303085529,-0.155850539774394,-0.124060306240997,-0.0934723342507073,-0.0514424096637782,-0.0288839783438358,0.00771573282697358,0.0163399946153528,0.0320707998854931,0.0216159428702617,0.0128719893063959,0.00569107200301161,0.00843059450620481,0.0130002131907808,-0.00455621701794717,-0.00475073333590534,0.0129238270153336,0.00198437365480253,0.0244672908964498,0.0145059626859437,0.0209369354406235,0.0117097581255993,0.0133682999883745,0.0229539318336383,0.00906833087020151,0.0352874023993739,0.0502592087422684,0.0391178736997241,0.0365769912261217,0.0411507970922871,0.0526361915028764,0.040505502928509,0.0349049099210426,0.0199475006618298,0.018410594587215,0.0187212326792592,0.0139534782202434,0.0197404978425857,0.0223177507940155
-0.25294645435921,-0.194262042740052,-0.207015812407955,-0.17952554655838,-0.174077710788832,-0.160469749359303,-0.128662596790108,-0.0899406037698531,-0.093637882192624,-0.0545754737526875,-0.0440383497623533,-0.0607613605891211,-0.0418703840907929,-0.0245184022581363,-0.0216763779865756,0.00963369521510482,-0.0140130401219302,-0.0169559589137237,-0.00698435873675313,-0.0136245166122986,0.0036478116047438,-0.00215119369390521,-0.0346813658530466,-0.0314094488789116,-0.0247893776701543,-0.0148902035900964,-0.00521421477891768,-0.0326625043383585,-0.045495215130614,-0.0428373050773329,-0.0342918447864755,-0.0381779751321001,-0.0413010195693277,-0.0486951676167729,-0.0446192844144876,-0.0251151286680093,-0.00792139112463786,-0.00319172980118498,-0.0026480655440122,0.0050902177211623,0.00531220809967781
-0.262573513576968,-0.219406252014479,-0.141530856920674,-0.160489807936773,-0.159856287987211,-0.158552746772841,-0.144479422647615,-0.105042015058277,-0.0731286199009888,-0.0872111288323257,-0.0489437889853367,-0.0431184009819759,-0.0734153893857439,-0.0608195017950021,-0.0403458178379648,-0.0453828603932901,0.00760554883318154,0.0077400016911644,0.00260272821973018,-0.0111389520864717,-0.0260746508331199,-0.0150426562484255,-0.0114770477155061,-0.00751648121427082,-0.0045615587253147,0.00228267372036069,-0.00159562286066073,0.0194349907582869,0.017795973990333,0.0190499025873385,0.00857478155717745,0.0398786878129802,0.0515914424838522,0.0582957670612907,0.0380069623031093,0.0105864601269333,0.0313295805706808,0.0347291424882056,0.027789012464586,0.0288914266397053,0.024747050546867
-0.378604584501349,-0.262711628723751,-0.132709279217381,-0.0813521064290597,-0.0470989360655476,-0.0629675908894742,-0.0710413946671559,-0.0486803410809041,0.00241861426631707,-0.0172733034691434,-0.0421562625842523,-0.0335108045465098,-0.0315855436876728,0.0055205553197098,0.00979925147284061,0.018128115732839,0.00669224146903186,0.0113772198952632,0.00632500074191286,0.00996594845816884,0.0156929070838815,0.0144975818791672,0.00788966325598294,-0.00377950406721204,0.00706893791833588,0.0247602860189398,0.0195690347842381,0.0391286884524724,0.0465809698891663,0.0507542742392602,0.0329819066217288,0.0149321262862039,0.00241427652886039,0.0225982249620716,0.0496217816970496,0.0381870481997572,0.0234068626948548,0.0329144112491314,0.011759564577403,0.0110198318395197,0.0251477949241937
-0.271036367335578,-0.226903775720243,-0.183970770748263,-0.191984321292745,-0.149803224227102,-0.127080728043362,-0.108129821270586,-0.109957927576895,-0.108969323964233,-0.154451012235588,-0.131032267909494,-0.154567559079456,-0.139371297010213,-0.156076506308783,-0.142406723779001,-0.144981648156958,-0.1287350828551,-0.131573654575636,-0.119171375918906,-0.118753880354208,-0.101076335383325,-0.0806528897905816,-0.06728935038903,-0.0748277247988099,-0.0630177712829968,-0.0256486036755743,-0.0384944465935823,-0.0380935886637475,-0.0273520355021787,-0.0353744545658039,-0.0321412444782166,-0.0304868174678868,-0.0401375458591641,-0.0560995504733673,-0.0577319868158811,-0.0645890439547931,-0.0739183177575902,-0.0929434193883682,-0.0909073995560868,-0.0997607523137848,-0.102123956485176
-0.35452036206038,-0.293036542240573,-0.232005709308552,-0.257694411633395,-0.197405322655223,-0.211881722402188,-0.166443768747969,-0.119910690821439,-0.123956833163453,-0.0925295405220714,-0.0581484642441461,-0.0798529950190587,-0.081581173488562,-0.079425328569083,-0.0326543486994735,-0.0371163259567798,-0.0380993277752274,-0.0324626541879317,-0.0444512016745394,-0.0548744156265461,-0.0050337070911448,0.00298495760239858,0.0155534260040931,0.0290735167353185,0.0238312042283874,0.0434574419374882,0.0458226078379014,0.0381918937900246,0.0575799298231634,0.0919008213038904,0.0908406675809176,0.0728811935773264,0.073588408625783,0.0764168545954254,0.0793715710725184,0.0752142503714467,0.0725089685537649,0.0609552882701249,0.0616445143302229,0.0567730184593742,0.0566106829798414
-0.28856556350811,-0.223434570439953,-0.213159798834275,-0.173006466691958,-0.131601742070857,-0.127684877735185,-0.135904780040554,-0.146353416369642,-0.127179425061841,-0.139492784373932,-0.125953134690246,-0.117496601238111,-0.095936318817521,-0.0800965801569707,-0.0928971998957113,-0.0961891065214834,-0.0802320274995104,-0.0662664780307024,-0.0476501821169042,-0.0156434697352992,0.00750795923477814,0.0443813653438452,0.036937927111459,0.0342896291792364,0.028164139375496,0.0234553975341349,-0.00522641619851907,-0.00331255273138964,-0.0193680836248868,-0.0206648418548325,-0.0228206094537483,-0.0226450505524349,-0.0310089329630128,-0.0394019333614992,-0.0459022157613005,-0.0392716652860131,-0.0330880559250337,-0.0465659754268017,-0.026799882132625,-0.0182765397685339,-0.019101112534928
