"X2","X3","X4","X5","X6","X7","X8","X9","X10","X11","X12","X13","X14","X15","X16","X17","X18","X19","X20","X21","X22","X23","X24","X25","X26","X27","X28","X29","X30","X31","X32","X33","X34","X35","X36","X37","X38","X39","X40","X41"
1.07078999487583,1.06007057316328,1.05457543001109,1.04956518934198,1.04600212698935,1.04237569233578,1.03912300538123,1.03615425138681,1.03370501616479,1.03139990680439,1.02968179945691,1.02825822917083,1.02662152397559,1.02524402510687,1.02380563587051,1.02256374738997,1.02162450081498,1.02078172593727,1.02003228969322,1.01944403361968,1.01849372121312,1.01789072231153,1.01718528912238,1.01674741205997,1.01630506290119,1.015824316668,1.01544378969478,1.01492869206634,1.01447797953672,1.01394699957464,1.01360545927909,1.01319275933895,1.0129219280643,1.0125709716157,1.01221007800883,1.01183998373819,1.01142184087385,1.01123109400656,1.01094261063466,1.01072519243528
1.07238507378597,1.06479306011155,1.0567095504214,1.05073071631336,1.04662707622217,1.04310859870979,1.03993779256137,1.03751225463038,1.03535194650471,1.03313852778557,1.03106626399641,1.02959399816074,1.02815858694095,1.02684210076483,1.02554847886462,1.02447582395262,1.02332357275903,1.02238268030429,1.02155518182279,1.02065174056588,1.01984534721071,1.01917466314185,1.01858827677066,1.01798726541284,1.01726675282768,1.01681947772137,1.01633417162956,1.01596139107119,1.01552054855795,1.01502793187167,1.01447367983569,1.01410693006111,1.0136593183656,1.0134066765108,1.0130141634106,1.01262192003653,1.01225479967499,1.01191985926943,1.01166676842974,1.0113723982033
1.06952497984184,1.06018826486827,1.05375793524154,1.04852698739138,1.043861921126,1.04071724241015,1.03784198222956,1.03515106560978,1.03300083226101,1.03112503460316,1.02930500953829,1.02766628379981,1.02624506844712,1.02491786224866,1.02378992905161,1.02272888192172,1.02166478344993,1.02067313952688,1.01996460063061,1.01906001788649,1.01852341541016,1.01781882133866,1.0171790807538,1.01663879181512,1.01610307073611,1.01569431104327,1.01519091785836,1.01467678995977,1.01417829626571,1.01375126047021,1.01330214182476,1.01302642867219,1.01265608258199,1.01235556924494,1.01199960552717,1.01169441716935,1.01142807451617,1.01113797953845,1.0109143858559,1.01069568062823
1.07012933955847,1.06182251581285,1.05559883665566,1.05017015975261,1.04581547461897,1.04226940373326,1.03929278429696,1.03644224029989,1.03377709716464,1.03144549835335,1.02964730699994,1.02810465705054,1.02646156196374,1.02526695563752,1.02400129509626,1.02278992988854,1.02198544117458,1.02111542138894,1.02023458481063,1.01956148182146,1.01902352387038,1.0183663876826,1.01775010791009,1.01710555496667,1.01658406217298,1.01611643295106,1.01578848911379,1.01544176062328,1.01501738788999,1.01449210059652,1.0142071296116,1.01386486957537,1.01363679404885,1.0133093386375,1.01291614711717,1.01251498976903,1.01216281237098,1.01188182225084,1.011550128638,1.0112687462762
1.07300279873511,1.06459777686395,1.05804207739977,1.0519864004498,1.04724715635242,1.04379881232173,1.04068969999189,1.03831162626715,1.03591366160125,1.03354143319739,1.03104431960544,1.02956619505768,1.02810477561684,1.02656235841027,1.02516822797978,1.02415695225065,1.02306340074513,1.02236102044322,1.0215699462931,1.02066860110642,1.01978502759026,1.0191671244945,1.01844642273514,1.01782462117541,1.01729501426788,1.01678998197997,1.01630046099586,1.01590519721398,1.01552606163115,1.01507963689332,1.0146732345614,1.01421420331119,1.01388925222204,1.01351137532088,1.01309799497235,1.0127966100871,1.01253103680222,1.01213643118328,1.01190784194654,1.01160141289529
1.07293408315545,1.06307870397036,1.0559616819311,1.05029800186663,1.04608615452288,1.04299726782024,1.0390588607152,1.03648848427071,1.03427010983683,1.03210201719626,1.03016045942141,1.02867744353166,1.02713533855189,1.02610772195925,1.02476846751036,1.02353427395589,1.02231051204513,1.02128551693263,1.02042621522431,1.01975526078207,1.01902256169747,1.01840850818438,1.01785531358308,1.01733417727462,1.01683752655552,1.01638797762595,1.01599619670213,1.01528689676922,1.01479709613353,1.01449102605019,1.014169826261,1.01353041856091,1.01322587452127,1.01284918034439,1.01251014167013,1.01224113916903,1.01195690944232,1.01170569899233,1.01153716120963,1.01132212777908
1.0736320969551,1.06412655101333,1.05783842460554,1.05191709686946,1.04677121806773,1.04283527530635,1.03999101309183,1.03735307453778,1.03468022247777,1.03241491047317,1.03067903007266,1.02930646929371,1.02760839692292,1.02602750333453,1.02499459973186,1.0242776621575,1.02339212783195,1.02215918452101,1.02133207927047,1.02050423865663,1.01978918268452,1.01910889304266,1.01847543959089,1.0178518787904,1.01744130988322,1.01697676951905,1.01646873128394,1.01597816641208,1.01557292308918,1.01512125270821,1.01456755090596,1.0141297072768,1.01380497949915,1.01349057217816,1.01308782452036,1.01273608941924,1.01245634642638,1.01213410363689,1.01180399881467,1.01147846839187
1.07246285921919,1.06272563914071,1.05603278180976,1.05089084543726,1.04614169816994,1.04207576024182,1.03908331310127,1.03693068984999,1.03437798760068,1.03234644187819,1.03068917796515,1.02887318040296,1.02756480201071,1.02616347563933,1.02468866357913,1.02359422305864,1.02259569664936,1.02187461533374,1.0210542817093,1.02027499630444,1.01948176495343,1.0188230771435,1.01816897619221,1.01753570642856,1.01698883762592,1.01635077345809,1.01579566303262,1.01535986567558,1.01493886360401,1.01449120933436,1.01405843302616,1.01380938069659,1.01347790268868,1.01318195844547,1.01278641179987,1.01241747970188,1.01213150759475,1.01183158628003,1.01165610115163,1.01139439697431
1.07105986747977,1.06260744070138,1.05631512313864,1.05097221790352,1.04636943973655,1.04221218115103,1.03935965159166,1.03660336777344,1.03412258587793,1.03202596616851,1.02999415573389,1.0282699434055,1.02703021660705,1.02572129215584,1.02463799794395,1.02363206570866,1.02249912776057,1.02167792318417,1.02082475030906,1.02018466017204,1.01921115936493,1.01839442992224,1.0177997572574,1.01727001233841,1.01679052301723,1.01614759299678,1.01560666767763,1.01503454372761,1.01455017162091,1.0141175471525,1.01365376879025,1.01340335428074,1.01308182312059,1.01281094861547,1.01249569155385,1.01229767975965,1.01198828464569,1.01178477441456,1.01145345431278,1.01132791872824
1.0718954342434,1.06217178136526,1.05526539877007,1.04996607326526,1.04550565240244,1.04212781995986,1.03877967439758,1.03593100211086,1.03347019032205,1.03129898409672,1.02948059537005,1.02770430044634,1.02625125520626,1.02492272578087,1.02370797210807,1.02278974377532,1.02169216141675,1.020901199773,1.02022880225046,1.01948501585974,1.01866161347341,1.0177472848039,1.01721823586185,1.01667657898391,1.01615781097837,1.01563977038934,1.01521963347239,1.01477510313917,1.01441778722334,1.01407341204161,1.01368309118178,1.01312584195498,1.01291158789516,1.01257635637883,1.01224513283407,1.01199694192306,1.01175655592399,1.01151376617386,1.01127391095075,1.01109176916996
1.07237124787087,1.06369615169832,1.05537650573715,1.05010452152278,1.04539494056937,1.04082235062654,1.03778501679819,1.03542547199036,1.03348260758924,1.03176073168864,1.02961918120878,1.02785688594591,1.0260382317538,1.02485496199303,1.02370193113359,1.02278802557337,1.02184633448026,1.02103734741789,1.02008113351719,1.01947535778605,1.01863928946698,1.01805057526105,1.01740589164636,1.01681976126225,1.01633345126585,1.01574587051911,1.01546178988847,1.01482060146231,1.01446098532471,1.01414514537532,1.01370383210755,1.01333559584388,1.01286860123705,1.01263137531297,1.01238671125375,1.01191910250102,1.01161160042847,1.01130639483524,1.01102515160574,1.01076482234267
1.07110134452871,1.06164033883867,1.05441620007962,1.04882274601928,1.04476934317502,1.04113404021453,1.03817333092709,1.03560515977675,1.0336726755332,1.03169469734445,1.03000941609313,1.02838314962658,1.02671587919462,1.02545784209896,1.02427017271826,1.02306390499099,1.02188961866755,1.02111703927747,1.020353778671,1.01948246853938,1.0187611775296,1.01806856306887,1.01759227156733,1.01704048737628,1.01659458301232,1.01621249154788,1.015774338284,1.01524427916414,1.01477351209327,1.01433694483754,1.01407995731301,1.01370339976209,1.01332497933591,1.01296384479047,1.01265449937187,1.0123015971604,1.01202408526455,1.01169896357732,1.01131390071291,1.01109162236275
1.07394973578419,1.06449199702112,1.05678468000785,1.05096385241104,1.04642493567191,1.04218460875203,1.03899147255092,1.03602741848932,1.03347601422568,1.03118871951679,1.02921307760283,1.02774053100025,1.02634032293207,1.02518890061475,1.02432455431281,1.02322977586983,1.02222559169533,1.02123444900481,1.02011982318839,1.01919766720497,1.01849762664692,1.01765786564403,1.01693167064959,1.0164345361939,1.01602029692992,1.01557060134437,1.01506915264817,1.01451531156233,1.01389606281157,1.01353912110808,1.01305573243707,1.01267920158622,1.01237271619592,1.0121260466376,1.01186742589178,1.0115066945227,1.01128372104304,1.01100786693181,1.01071588019321,1.01044476713398
1.07241604174739,1.06264276533189,1.05484123539203,1.04975881706176,1.04452792112681,1.04091028663315,1.03863805094756,1.03646222043756,1.03398359167012,1.0319209937554,1.03029034966055,1.02886734928919,1.02725327897067,1.02565927165539,1.02425541538159,1.02314848427654,1.02219707042069,1.02127449565912,1.02026239298002,1.0195102580304,1.01862483417547,1.01795098731703,1.0175397216156,1.01682755902865,1.01633735578525,1.01590516527654,1.01548622740687,1.01489067402829,1.0145368081636,1.01417752991231,1.01369864040487,1.01326683708481,1.0127344595055,1.01245880460342,1.01229769153441,1.01195901072769,1.01167531254296,1.01141618939708,1.01115365467189,1.01091851259682
1.07152966142498,1.06315644009203,1.05648818018493,1.05078187661964,1.04596696409222,1.04197461190891,1.03871200933014,1.03608559593467,1.03392573729277,1.03196644998012,1.03026050957166,1.02850106320163,1.02701745034104,1.0256521824698,1.02470524664463,1.02337063252427,1.02232951119826,1.02125036104352,1.02022140059138,1.01955388639464,1.01892169864112,1.01805672862472,1.01775245111828,1.01710278789424,1.01654971075427,1.01598548948263,1.01546439876847,1.01510344580936,1.01474696557552,1.01444855832492,1.01393748227739,1.01360589159734,1.01333645046087,1.01294949856763,1.01255709368148,1.01227428727594,1.01205932900911,1.0117488962554,1.01157134858554,1.01137849560105
1.07366303032789,1.0638943669907,1.05632287417373,1.05078575001139,1.04648823479411,1.04290349988252,1.03986806354232,1.03711168385299,1.03505265097642,1.03302488519806,1.03125391633622,1.02946752476741,1.02802952119696,1.02676275992245,1.02545579668055,1.02446607322678,1.02356767777033,1.02251101998367,1.02173158354145,1.02074850050552,1.02000323564911,1.01920783669442,1.01850210923639,1.01807228533727,1.01742153007374,1.01684825968037,1.01648842936873,1.01583598829912,1.01545375679074,1.01510713938834,1.01473260246433,1.01427568009219,1.01373442161002,1.01342883104153,1.01327142263558,1.01295411000045,1.01260428939691,1.01236112671469,1.01205412454694,1.01176247868175
1.07086914540226,1.06184830275006,1.05545815160636,1.05008608988259,1.04546977192935,1.04201901868018,1.03902838823456,1.03624422664214,1.03402740336972,1.03213012593466,1.030174495508,1.02839870422768,1.0272445165,1.02585418426787,1.02474968147967,1.02342756866046,1.02256341914511,1.0213500114042,1.02053530086383,1.01989665804954,1.01918422954017,1.01850644359671,1.01803797013978,1.0176109607695,1.01697759596508,1.01639598433729,1.01603822540199,1.01554874255813,1.01517300667259,1.01467188115683,1.0142672558082,1.01383208066541,1.01357036061744,1.01325338456773,1.01293902836215,1.01265501095335,1.01242383216302,1.01216214976088,1.01185740397111,1.01162090813383
1.07146090026181,1.06196594631307,1.0555794142816,1.05090553245323,1.04621568396871,1.04185363449266,1.03905077327065,1.03602345038332,1.03354911264459,1.03141086770685,1.02978813850973,1.02854315536658,1.02724834628766,1.02557170797146,1.02403213204633,1.02302799211535,1.02205274630397,1.021293003789,1.02051851357401,1.01982763206108,1.01908530148195,1.01842789246392,1.01785312124238,1.01733551997383,1.01671612525271,1.0163506529464,1.01583237799698,1.01534434657987,1.01493791852852,1.01442871199574,1.01406385036363,1.01367470672869,1.01332561197891,1.01299215753003,1.01271732201686,1.01235247067543,1.01207831648257,1.01177064891559,1.01135954011507,1.01105415294969
1.07315619093596,1.06300727761938,1.0550195948344,1.04882976278226,1.0444641313963,1.04080552427935,1.03787287643507,1.03535569876271,1.03343320278135,1.03110898417147,1.02944425810108,1.02806894395333,1.0268982750122,1.02548801668815,1.02430944005796,1.02320299498946,1.02210882281074,1.02126271465962,1.02034703780895,1.0195563713917,1.01880430712326,1.01826908270968,1.01761091876387,1.01712726963742,1.0165852777567,1.01606700339884,1.01543615401777,1.0151511480298,1.01475737935414,1.01443392276577,1.0140497049229,1.01375417058861,1.01332253956806,1.01306416574205,1.01273411304763,1.01238931431529,1.01222662763536,1.01209307202542,1.01183741619962,1.01159746122458
1.07242149814929,1.06347092656946,1.05630045350188,1.05145037240106,1.04704895639809,1.04388547324776,1.04081871670676,1.037829612584,1.03532612755452,1.03362520307018,1.03178658160839,1.02984359202494,1.02816116889303,1.02646957359937,1.02521633673916,1.02399144606396,1.02304181294461,1.02194582684195,1.02122220042768,1.02052909670579,1.01980677359328,1.01907084391632,1.01823535734472,1.01756603965924,1.01714216390918,1.01636765897412,1.01595762165834,1.01562272234732,1.0153083273801,1.0148496205528,1.01447708244995,1.01402064234043,1.01365358539952,1.01328325733582,1.01309691963705,1.01278833500638,1.01259059103571,1.01233848608201,1.01208699551778,1.01188676998747
1.07303697495408,1.06397389936323,1.05663955276167,1.05170113062137,1.04732469219636,1.04272992836147,1.03942149475159,1.03657992553861,1.03434804320292,1.03245879877918,1.03048539355203,1.02878196509081,1.02728027595843,1.0259848568725,1.0246636526884,1.02357548234923,1.02264342809822,1.02169369916156,1.02085726221679,1.02013099772284,1.01927386790098,1.01873113748266,1.01794529560444,1.01750677307779,1.01671861689707,1.01629410872484,1.01577991820504,1.01517996877393,1.01476350725713,1.01436937353536,1.01402115434668,1.01365945850731,1.01340329157595,1.01316181247032,1.01279395526783,1.01243252266972,1.01212383060524,1.01179135506863,1.01144366612197,1.01112089546162
1.07326781780919,1.0639516878837,1.05721094876618,1.05142912239192,1.04637441609078,1.04268580691946,1.03937725211852,1.03646037703904,1.03419301210874,1.03222412378941,1.03027921058401,1.02898682368402,1.02768657122828,1.02631023626633,1.02516218771939,1.02383135376898,1.02269873343055,1.02168926913061,1.02085530233144,1.02004602601044,1.01936075906134,1.01872332154442,1.01795169639818,1.01734989022029,1.01677527598739,1.01616999953508,1.01567994587534,1.01525618399886,1.01479799239356,1.01442000533475,1.01408704396574,1.01370227125026,1.01326002683414,1.0129511303636,1.01259980120177,1.01231284975144,1.0119551901343,1.01164065195002,1.01135402776168,1.01110318934566
1.07167078468764,1.06397878837593,1.05696030806809,1.05160590122159,1.0466849308417,1.04294772166543,1.03986356016207,1.03712471683883,1.03480372220109,1.03271180473848,1.03085799328078,1.02918143080834,1.02772967042145,1.02611802089359,1.02469832328273,1.02349899573606,1.02266956401596,1.02165161761159,1.02066033386538,1.01989893527672,1.0191527629993,1.01845571748243,1.01783484686828,1.01726337135718,1.01664875539946,1.0163971720978,1.01581334464902,1.01526886026964,1.01474558430547,1.01441117536376,1.01402806489893,1.01365337098939,1.01320678361399,1.01293370153858,1.01253808772337,1.01217532778956,1.01191584461152,1.01167483708518,1.01139100168834,1.01115242842792
1.0695725167851,1.06150999210365,1.05386660739315,1.04881803124992,1.04428308964104,1.04010210807478,1.03672674271906,1.0346811738651,1.0324033910134,1.03053510355366,1.02901514850458,1.02768648940976,1.0261343059433,1.02483158751381,1.02379149103294,1.02266051558211,1.02166000141079,1.02089746580984,1.02026753061254,1.01941274808552,1.01872475891894,1.01790048565549,1.01726217672591,1.01664692288742,1.01603805933069,1.015617668271,1.01505890498906,1.01468800604476,1.01427252770363,1.01382667585606,1.01330339977885,1.01301973657469,1.01282720613628,1.01256757993996,1.01207929356894,1.01179890881142,1.01152043395324,1.0112419091534,1.01094080810873,1.01066257919882
1.0708039929693,1.06309208606621,1.05684289303939,1.05060553481717,1.04621971205959,1.04286836873822,1.03985647374901,1.03730009333336,1.03481480269075,1.03256253568469,1.030670889935,1.02903368913184,1.02737844371526,1.02595499414295,1.02475112706692,1.0236520040106,1.02250790139527,1.02157033973942,1.02062354470371,1.01993644328495,1.01935087924964,1.0185104054985,1.01781189928285,1.01708162256093,1.01644808150892,1.01581671853893,1.01512093568983,1.01490211141483,1.01455577182625,1.01410921924703,1.01373327902107,1.01343823751143,1.01312448041491,1.01280786514829,1.01246273264456,1.01213550019678,1.01177496063177,1.01148276936698,1.01122967853972,1.01103323453352
1.07208221399285,1.063004809458,1.05581103147836,1.05007084050665,1.04535123185838,1.04127681473057,1.03861327390382,1.03560644462186,1.03355513608034,1.03128415226469,1.02943808309199,1.02782077223809,1.02638371558333,1.02509052886215,1.02387793580177,1.02286521860303,1.02200254721199,1.02120472940035,1.02039728740624,1.01973111271855,1.01904778911634,1.01830902798839,1.01758530400324,1.01706730638902,1.01668011368361,1.01621438462722,1.0158175247749,1.01511595024371,1.01470911504383,1.01435308086785,1.01395764173394,1.0135584512313,1.01305709382313,1.01262323341767,1.01227695281117,1.01199924590137,1.01177601792365,1.01146532237184,1.01124395921543,1.01096950122249
1.07191542660531,1.0635429699034,1.05591163017702,1.05008729447808,1.04568774282167,1.04129027032469,1.03812703338443,1.03577237924452,1.03340651151351,1.03163814946351,1.02972440550613,1.02840729248188,1.0266948676975,1.02539954851084,1.02436879993244,1.02328588962012,1.02230779109113,1.02125760881848,1.02035153011315,1.01960299715836,1.01898771676752,1.01820429465976,1.01756948669188,1.0171134121179,1.01655253520419,1.01603192146256,1.01562306887731,1.01518537637962,1.01478418445964,1.01424485737437,1.01383305119199,1.01343493799816,1.01317171509749,1.01284667534805,1.01262422074715,1.01218637199123,1.01185399889441,1.01155411185608,1.01135072670079,1.01116866332031
1.07215470761081,1.06169122393757,1.0549048098589,1.04964331323757,1.04480902850845,1.04116251794615,1.03817782762331,1.03546263435788,1.0331990954142,1.03142733348543,1.02978000992533,1.02807146890577,1.02646062727794,1.02508345535924,1.02385360875257,1.02283776719176,1.02172572084844,1.02087482955479,1.02014349309331,1.01936008525564,1.01858328290208,1.01810320359261,1.01744266372288,1.01664498920166,1.01624535690746,1.01568004990759,1.01526081689512,1.01458928775963,1.01425164130541,1.0138770971693,1.01357578785845,1.01329105106579,1.01293074562473,1.0126721577258,1.01231137557918,1.01200725240783,1.01180082838644,1.01145148101132,1.01129062690078,1.01109825945843
1.07187659472058,1.06204990409542,1.05513198558514,1.04929519501984,1.04487918209139,1.04116615023893,1.03812666437026,1.03572186209663,1.03329177981162,1.03120059411539,1.02951670950638,1.02747843622517,1.02603034667411,1.02487700936815,1.02380371382418,1.02285762952903,1.02172693489453,1.02099466859959,1.02028549468823,1.01958259076649,1.01894726239856,1.01824732142923,1.01762496142233,1.01686222509833,1.01622923662186,1.01581310597455,1.01529216903114,1.0147826891815,1.01422701087775,1.01374695934753,1.0133742034307,1.01296148063729,1.01279623794552,1.0124697416732,1.01217504345314,1.01193414243466,1.01171540291538,1.01146471486675,1.0113251961616,1.01108279252227
1.07222822436786,1.06361569123174,1.05646560512895,1.05110917156851,1.04666362404797,1.04261393976429,1.03932056452874,1.03678169270708,1.03469596247078,1.03259272876271,1.03087822533187,1.02956716353386,1.0282740400346,1.02688932739708,1.02585084534391,1.02475201544208,1.0236184439993,1.02264561276228,1.02179044296271,1.02093530798241,1.02011587850117,1.01939197836433,1.01872086416006,1.01820257729821,1.01775453226848,1.01722914880902,1.0166374411224,1.01612123270373,1.01570453353224,1.01530869644202,1.01484105330587,1.01431868548251,1.01398992006001,1.01371318541619,1.01355631552122,1.01328987054939,1.01288458743801,1.01253767805251,1.0122010648067,1.01194814101121
1.07345389228794,1.06481000985799,1.05791371434355,1.05155524216233,1.04700348189431,1.04283913306659,1.03971504791681,1.0363962931506,1.03400670805309,1.03197127292206,1.0300719038043,1.02852644133095,1.02674603854084,1.02537497804517,1.0240399227702,1.02288703817072,1.02185801677634,1.02110428681507,1.02032909020381,1.01968718637457,1.01914981168163,1.0184986292985,1.01786069224543,1.01728704559733,1.01663831098761,1.01618614794565,1.01569533892898,1.01526652078644,1.01473427949045,1.01444225954203,1.01413252575091,1.01377698178204,1.01349676734082,1.01314619683704,1.01278740849083,1.01246072472876,1.01221054082662,1.01194539726577,1.01167062860217,1.01144382554254
1.07157801839166,1.06355833352539,1.05685005034978,1.05119729251101,1.04660754371564,1.04264051318836,1.03919485992995,1.03639463529147,1.03373062807344,1.03181014423031,1.02979903939424,1.02817119308631,1.02695931879584,1.02580647327686,1.02459217476914,1.02336910988678,1.02245610743387,1.02166039336035,1.02074336170353,1.01999232899488,1.01928888167536,1.01847223721579,1.01792730950102,1.01741369887242,1.01695058792538,1.01623842691092,1.01580234947975,1.01522284029986,1.01480346226195,1.01435202065646,1.01397944242187,1.01369076970512,1.01333975335116,1.01297092170711,1.01260461752968,1.01224878275631,1.01199377826837,1.01172167632707,1.01148706991284,1.01124630954424
1.07211778386477,1.06368279207716,1.056319231566,1.05032866978322,1.04615374628733,1.04212621764064,1.03863130686314,1.03576524673781,1.03391306245593,1.03186281526882,1.02976727917502,1.02835131071191,1.02728869792951,1.02594057863459,1.02482135040942,1.02355151536406,1.02238752441811,1.02163043879393,1.02085544968958,1.02014184906568,1.01947678205634,1.01860828872986,1.01782450069644,1.0172136065282,1.01680050769565,1.01634759736769,1.0159091850132,1.01548464688673,1.01500201562292,1.01459946742742,1.01413253231229,1.01373673826156,1.01339901634084,1.012990454082,1.01265890450414,1.01220140832131,1.01190517172277,1.01160537467699,1.01139420327164,1.01110739824486
1.07341086056708,1.06488601452049,1.05806749653695,1.05212215324019,1.04688292987976,1.04221566486632,1.03935869142815,1.03685946651406,1.03419164141384,1.0322246535032,1.03051337521704,1.02897982850366,1.02702570588044,1.02558271484153,1.02403858263961,1.02322325294911,1.0223153954289,1.02165826189277,1.02094016344398,1.02000915768308,1.01934156439834,1.01861061226753,1.01775479398329,1.0171286523614,1.01635366954831,1.01580639496201,1.01530557167262,1.01497203300297,1.01460759048285,1.01428581776017,1.01381132140834,1.01346820372402,1.01313270453233,1.0127464022982,1.01239666364184,1.01203679658299,1.01174447439327,1.01150069771748,1.01119777950344,1.01098720716398
1.07236049883133,1.06354426679192,1.05646551084601,1.05050935866982,1.04597810610278,1.04236708845064,1.03952759027956,1.03654043683274,1.03419658867329,1.03173427861398,1.03029589416585,1.02884572297995,1.02693716726559,1.02548515004002,1.02419234028159,1.02307187373611,1.02208315558542,1.0211277714817,1.02055480379231,1.01970174849566,1.01893859507165,1.01824120026417,1.01736392102323,1.01679553539211,1.01628710355911,1.01595782475851,1.01542725173094,1.014973374282,1.01456845219912,1.01402161644228,1.01365738887141,1.01324242080479,1.01292621667593,1.01255260040628,1.01231733023507,1.0120151228856,1.01178633837164,1.01141928230199,1.01108032730372,1.01080605886761
1.07413252724053,1.0639419680264,1.05625467492866,1.05081393641025,1.04648380025026,1.04239736754939,1.03949257304715,1.03670661163732,1.0340567966472,1.03186811548226,1.03026076236764,1.02851744117076,1.02696951448024,1.0255952777151,1.02432850056788,1.02348145081232,1.02241163239847,1.02151232018735,1.02082948038841,1.01995113456486,1.01944265892247,1.01877956234146,1.01795402991411,1.01737015126486,1.01686055468679,1.01623109725426,1.01577582856077,1.01516828208824,1.01476465011795,1.01448750045292,1.01410103231826,1.01376097541321,1.01346280500192,1.01308560993023,1.01279005440654,1.01243077568607,1.01215199127351,1.01190265672643,1.01166942020268,1.01143353362413
1.07270777221834,1.0638521412855,1.05667791254556,1.05091623146249,1.04667609031052,1.04276738039477,1.03953716687138,1.03665155732903,1.03387490959919,1.03193148119079,1.02990116943962,1.02823440537414,1.02688398087426,1.02553026030049,1.0243260913357,1.02315771135361,1.02221412738182,1.0214718329684,1.02070344828426,1.01984939202726,1.01911373911409,1.01854456439975,1.01785538587124,1.01716143805329,1.01648703497933,1.01587268994223,1.0152957554998,1.01488408954505,1.01444438245182,1.01402860394265,1.01365005251987,1.01328212018206,1.01291934025562,1.01261356180351,1.01232414881559,1.0120913611548,1.01176124727434,1.01148478833155,1.01125734633974,1.01098478121606
1.07208667406145,1.06295709792307,1.05619364067389,1.05051774912069,1.04601844820038,1.04174984432797,1.03883167065792,1.03668910976935,1.03426159563494,1.0320602840665,1.03023256486273,1.02878773296553,1.02697743400093,1.02565220858834,1.02464338653109,1.02351381705503,1.02245759123811,1.02154673010657,1.02080483975088,1.02026017408845,1.01961782868351,1.01897815121337,1.0182792639706,1.01764125294015,1.01714467965563,1.01667067746715,1.01628286726585,1.01573567322185,1.0151785817943,1.01469580986323,1.0143449345995,1.01402789517771,1.01359736613841,1.01341773672411,1.0130005839083,1.01264047674118,1.01239087107226,1.01206591756357,1.01170465247927,1.01146306601848
1.07388677550146,1.06470241816834,1.05668238620406,1.05080387748976,1.04588342301981,1.04215127684277,1.03913822485642,1.0363561284206,1.03397657999182,1.0320377552768,1.03008302873735,1.02854026677605,1.02714539061408,1.02574923114305,1.0245647256509,1.02353989567333,1.0226089677983,1.02175479795788,1.02078082817735,1.02018489750433,1.01965819584208,1.01876918971585,1.01799359285616,1.01732848072511,1.01667832868545,1.01608021306096,1.01552819068895,1.01518094980747,1.01480994342502,1.01453459909828,1.01411154560076,1.0138229056138,1.01345776744041,1.01320403570554,1.01292606049911,1.0125831557691,1.01226634735254,1.01203908405752,1.01172416835824,1.01148517201229
1.07556946499132,1.06623660823343,1.05887951816682,1.05273310925182,1.04788499801547,1.0438367064077,1.04053211468218,1.03746922137175,1.03504913473982,1.0330241349041,1.03092738480058,1.02980113468562,1.02834933544685,1.02719712182892,1.02562656137997,1.02454029654464,1.02355109997388,1.02249981735884,1.02162540299887,1.0208482302167,1.02013618554311,1.01952921160677,1.01897911090207,1.01842808161743,1.01777478380971,1.01731995313374,1.01671260444477,1.01625309019087,1.01579797839092,1.0152007978155,1.01477184121388,1.01433014483403,1.01381357424399,1.01338289010672,1.01314076341447,1.01292524960205,1.01256646086819,1.01216202158159,1.01173724528286,1.01141111797896
1.07163489567362,1.06194512702713,1.05547854460886,1.05032442876891,1.04688255458116,1.04276700436698,1.03936315578612,1.03610117277372,1.0336263244979,1.03172112361818,1.02996744463482,1.02834058288642,1.02704583768138,1.02557324404472,1.02461816300427,1.02338045184822,1.02246095530186,1.02158382112388,1.02053372966335,1.01964963944104,1.01891939895072,1.01832001918067,1.01771275303296,1.01734020361438,1.01666367279056,1.01605284163158,1.01545485644632,1.01507373303736,1.01463442356761,1.01426204915516,1.01390887772821,1.01362508188102,1.01332840149618,1.01303615577806,1.01279553545486,1.01253174187205,1.0121974961017,1.01186422042674,1.01144252116385,1.01114154088434
1.07335362546614,1.06420828285358,1.05716718973359,1.05117252212405,1.04681511800349,1.04361053890838,1.04017867316847,1.03719678176787,1.03500017255463,1.03298539132273,1.03113500572964,1.02935797219162,1.0277201946847,1.02614533694183,1.0250002123229,1.02396821060034,1.02305619237735,1.02199865454659,1.02101027745716,1.02009640337926,1.01954562461353,1.01900714955668,1.01835962744026,1.01772536016219,1.01721393108868,1.01675139764934,1.01631200424976,1.01578392963004,1.01538972600804,1.01498221350352,1.01456618898567,1.01415167019529,1.01382162480096,1.01357063297422,1.01317943365976,1.01284238677784,1.01242833159144,1.01211448756576,1.01191131394058,1.0117725662603
1.06937984471441,1.06038558299989,1.05417070167474,1.0493136042673,1.04440131279943,1.04101030195158,1.03811050105016,1.0353287016075,1.03310154014068,1.03128413242601,1.0292718420778,1.02807278175254,1.02653250214624,1.02535948966704,1.02424032659053,1.023281896896,1.02226732372155,1.021347085421,1.02044888422226,1.01959607470293,1.01890052598584,1.01823246751172,1.01754748082115,1.0169076603553,1.0165338389467,1.01613170691527,1.01577433083858,1.01522621875076,1.0149145597352,1.0143826575968,1.01402953530253,1.01366771919128,1.01327460568976,1.01299331725443,1.01264935442428,1.01238477546381,1.01214831451998,1.01192527425249,1.01162852266104,1.011377612617
1.07187227158295,1.06303706214109,1.05617689894889,1.05169520476065,1.0473493980507,1.04323871737215,1.03997499425145,1.03714591475281,1.03495151182944,1.03329948948615,1.03146362319624,1.02940909324149,1.02789472158057,1.02667386209748,1.02536421710889,1.0244001033595,1.02324945163128,1.02237878143938,1.02164892477634,1.02080637896259,1.02007884286033,1.01928053327322,1.01856156578662,1.01798474695225,1.01733787087897,1.01676186795103,1.01618902054617,1.01579198952732,1.01538911185602,1.01493735858279,1.01450482106938,1.01411539165805,1.01375964406384,1.01337806111486,1.01299013491662,1.01267287903097,1.01237341271891,1.01199263877499,1.01167930668853,1.01143096562547
1.07094603395493,1.06136613853867,1.0544167515503,1.04945732468359,1.04471514523872,1.04167695762077,1.03838241824562,1.03568987072716,1.0335937908861,1.03143476592058,1.02958796469532,1.02816339112628,1.02648244392328,1.02512798693573,1.02393721338289,1.02295046526596,1.02212996991376,1.02128827139405,1.02046460844998,1.01961429684747,1.01884409385093,1.01813468156968,1.01750024411061,1.01701858881903,1.01633258957968,1.0159759769674,1.015434104566,1.01503353560638,1.01462891887835,1.01426026737671,1.01395108162505,1.01362247853178,1.01322470528455,1.01287873021307,1.01257061350023,1.01237638347286,1.01210177334654,1.01179736426079,1.01150978004747,1.01122998632299
1.07314836479815,1.06273718576901,1.05617017484214,1.05018451114268,1.04581008809308,1.04195536899028,1.03833406777468,1.03576161217126,1.03361073550318,1.03130640919954,1.02959214653848,1.02803678831233,1.02617451726236,1.0246680508961,1.02368138465699,1.02265977836392,1.02155361459309,1.02067042951114,1.01999023483594,1.01928182143754,1.01869368080436,1.01797557967012,1.01744509532571,1.01702375257005,1.01647395845277,1.01583165676289,1.01534345082162,1.01490049015896,1.01451522361703,1.01410213728505,1.01366602315717,1.01338256690405,1.01320244714381,1.0128362208622,1.01249689749974,1.01224547729905,1.01198696917302,1.0116042099621,1.01114939178896,1.01091861890168
1.07501305685647,1.06475327753658,1.05753030800184,1.05242772278016,1.04787246588085,1.04426189813809,1.04097192413271,1.03798417696696,1.03556126024311,1.03310921221707,1.03138692555972,1.02971525202177,1.02820633489903,1.02650222993384,1.02544721532305,1.02433340369792,1.02339602501156,1.02243903763664,1.02163980220543,1.02087740330119,1.02003498569592,1.0193038217684,1.01871247880699,1.01804287684939,1.01749508739746,1.01700400960896,1.01644524401628,1.01605186767937,1.01559738823979,1.01516536625252,1.014746071222,1.014375120116,1.01401787658344,1.01370704654828,1.01344703415581,1.0132045266536,1.01294227718776,1.01264817861147,1.01241258856216,1.01224009938923
1.06861467904678,1.06100400555595,1.05528636851901,1.04910303301911,1.04499738128919,1.04137270326276,1.03781319185109,1.03480047186171,1.0326472159041,1.0308102758706,1.02883390455206,1.02718881357217,1.02610025334114,1.02453031875275,1.02337451104487,1.02235519296888,1.02134540803111,1.020396030445,1.01989435764957,1.01923630863505,1.01852915132897,1.01805309788656,1.01762537625781,1.01719078663638,1.01659275582953,1.01607578949828,1.01555285082262,1.01518066228006,1.01463360453023,1.01416332048216,1.01367734102009,1.01336778341444,1.01304641665177,1.01271127744111,1.01244364070094,1.01210338211425,1.01167505752667,1.01143777347873,1.01117610620619,1.01086770770621
1.07638514237759,1.06627259196013,1.05853578556047,1.0527551939845,1.0484385113034,1.04381527306717,1.03992927852506,1.03727516250324,1.03491382825477,1.03275262853783,1.03072827803726,1.02911597210835,1.0277234819173,1.0263326482259,1.02519808966354,1.02391146947005,1.02284801123123,1.02189054304328,1.02115779448254,1.02028635825814,1.01937315843047,1.01868962667128,1.01806732942161,1.01754733151325,1.01704859457657,1.01669074516727,1.01620880883993,1.01589952358812,1.01535380589543,1.01492416587027,1.01444581496662,1.01409834450613,1.01368657492275,1.0132652084805,1.0129330723916,1.01269207565332,1.01231675311161,1.01206134222448,1.01180684783797,1.01152958140622
1.07360078660396,1.06483889420375,1.05760672006145,1.0509693802806,1.04591949232603,1.04255114834738,1.03841237512888,1.03596734514104,1.03360080834011,1.03184686838257,1.03010931692212,1.0287037949053,1.02684831600049,1.02541421123075,1.02415217578849,1.02321601779472,1.02231175525187,1.0213497834892,1.02046739145192,1.01962972169287,1.01878245578733,1.01817191109298,1.01754088552909,1.01703250640182,1.01626806369419,1.01575033766392,1.01555199448675,1.01529673057739,1.01495880680997,1.01447926019108,1.01411292709821,1.01375010310428,1.01342485426007,1.01307970601847,1.01279056476967,1.01247482030022,1.01217259189705,1.01178015002759,1.01149869313253,1.0111879752083
1.07121669918873,1.06330200272452,1.05630751589236,1.05046066184806,1.04556299013371,1.04169672897225,1.03883144377937,1.0360990651934,1.03361198455029,1.03161152369519,1.02979490714482,1.0280952903266,1.02654644614006,1.02518290804971,1.02364950392674,1.02245210149422,1.02152976016793,1.02037555249769,1.01978877825617,1.01893576734717,1.01816091250112,1.01758750448212,1.01691930433887,1.01640994035639,1.01591608309338,1.01534363474932,1.01484715034361,1.01440885461131,1.0141717359205,1.01382021984588,1.01347464042032,1.01313247126837,1.01284491751285,1.01255662159421,1.01220859388046,1.01185579184503,1.01147636165952,1.011185158385,1.01090636414171,1.01072328007414
1.07208508567323,1.06215389228574,1.05493759031403,1.04911652802913,1.04449496751566,1.04147950057414,1.0386844816757,1.03599772337446,1.03365737439088,1.03174380807173,1.03002244292825,1.02883602922185,1.02713991606484,1.02619802478002,1.02500880190053,1.02421738430779,1.0232739752437,1.02216349898568,1.02116956081115,1.02021002236362,1.01947877351451,1.01874180533075,1.0181772451407,1.01763814840863,1.01707255360381,1.01652340764105,1.01611768929045,1.01554037809019,1.01510734227063,1.01458571946957,1.01413375894606,1.01381149486462,1.01348150500987,1.01320196449921,1.01291910015283,1.01259915530461,1.01227697123455,1.0120233805568,1.01184983475586,1.01155549625638
1.07540153312121,1.06473413861515,1.05708013794064,1.05048121645809,1.04601942393959,1.04249583576614,1.03924317004502,1.03670971946403,1.03439125233205,1.03184355801704,1.03021670993793,1.02826300082756,1.02713693404459,1.02550442351954,1.02432532534493,1.02335678923564,1.02257407523296,1.02182354827893,1.02100392438563,1.02028718022671,1.01955209404392,1.01894710851024,1.01837378912718,1.0176920211465,1.01700965238296,1.01635419314576,1.016004915823,1.01554001030581,1.01509252728584,1.01466253639785,1.01435239845616,1.01399520418149,1.01361936767621,1.01328575705978,1.01291761866309,1.01264030683768,1.01239775687813,1.01203659658102,1.01168717110997,1.01136207003417
1.07306073910295,1.06386386898187,1.0575131589819,1.05230760970137,1.04789760294194,1.04412537217066,1.04092706349938,1.03840651542161,1.03566042441597,1.0335563005701,1.03162162384775,1.03011422274888,1.02849846830373,1.02693872371748,1.02569490813676,1.0248448525286,1.02389270575417,1.02290570173055,1.02196221434088,1.02096303071154,1.02011152055274,1.01927317567424,1.01862961500618,1.01783456985294,1.01726818859647,1.01673444443929,1.01630350579107,1.01577412006165,1.01534870862332,1.01503263491326,1.01456796882432,1.01399675285288,1.01367971326437,1.01338987968468,1.01308568993556,1.01274760272282,1.01247079732161,1.0121647758221,1.01190466262035,1.01156038662951
1.07441971633299,1.06470070753102,1.05661629898111,1.05117397363404,1.04650106441925,1.04235208467784,1.03882746098445,1.03624019536692,1.03368447197078,1.03143221810243,1.02937804756665,1.02780955012283,1.02636278061095,1.02486332769893,1.02371757249211,1.02251157373156,1.02159519507827,1.02081277542424,1.01988966608854,1.01939150039365,1.01865990754724,1.01812692515839,1.01746115774633,1.01682153393325,1.01637526279199,1.01599752215891,1.0155658852188,1.01510322804683,1.01460438120558,1.01413055076879,1.01374360466532,1.01337721633294,1.0130150066322,1.01271161033748,1.01237398462678,1.01208552183253,1.01183580363673,1.0115282111484,1.01124381761803,1.01097409648806
1.07144019487722,1.06276208101995,1.05597681683474,1.05118899231286,1.04665852753838,1.04324794193995,1.04030766472384,1.03797351215435,1.03538364164278,1.03339510578065,1.03117664552046,1.02942666219771,1.02775071295746,1.0264364842755,1.02520697236783,1.02427197546426,1.02329311872974,1.02224101512644,1.02125470032633,1.02026729211876,1.0194066237561,1.01866028645229,1.01776351453533,1.01710413383416,1.01651047963242,1.01599521871086,1.01562985638465,1.01508208215305,1.01458981460946,1.01407886933069,1.01371783950155,1.01326210683594,1.01287589670877,1.01252972335395,1.01229049488442,1.01196933664059,1.01172178611042,1.01154196061411,1.01125194168362,1.01099268548746
1.07115690098984,1.06337968150403,1.0565473799382,1.0506651420768,1.04626437880354,1.04262734415793,1.03922890729524,1.03672264588796,1.0344408812939,1.03261344107637,1.03067748941833,1.02902856164492,1.02752161823757,1.02603956379478,1.02486914731568,1.02399651029382,1.02300067365341,1.02193523984085,1.02112442472319,1.02040531027686,1.01979001888205,1.01914037023886,1.01852381732212,1.01780497688731,1.01720491769623,1.01664939541024,1.01598691778946,1.01555333300073,1.01504027010503,1.01448672798096,1.0140998008603,1.01371499403886,1.01324582742034,1.01296111643012,1.01267429611089,1.01243323393343,1.01213554504378,1.01187686336528,1.01146250900805,1.01136413383293
1.07138241153986,1.06328990728137,1.05663913223442,1.05068213254747,1.04614611225932,1.04171131136943,1.03872519997411,1.03587129590046,1.03387461623845,1.03195346751189,1.03000452315905,1.02844887632478,1.02682748741963,1.02533314383076,1.02421673133667,1.02301717759976,1.0221899878219,1.0214442812302,1.02065759901216,1.01989242197422,1.01900888874124,1.01834128752421,1.01785751341525,1.01738258963222,1.01687414149407,1.01639274230339,1.01594584436018,1.01543684986735,1.01500436391975,1.01459725847096,1.01414338688178,1.01365637142507,1.0132369199111,1.01286626974223,1.01262319541507,1.01226922705005,1.01190460125023,1.01165506128017,1.01135313256184,1.01102073768408
1.07215140104754,1.06363908449354,1.05672165156629,1.05101488787909,1.04707921498745,1.04358293539036,1.04027697388984,1.03719822436815,1.03459809523376,1.03254506771634,1.03042826979352,1.02884145762297,1.02722496922811,1.02604929859902,1.0248697760732,1.02382989879638,1.02300551515947,1.02206463802431,1.02127524760621,1.02030128648123,1.01964783480246,1.01875657508771,1.01802640063368,1.01759260071724,1.01690977461822,1.01633549908675,1.01578279022868,1.01535864820041,1.01500515606957,1.01463026768602,1.0141816095424,1.01382194410922,1.01338181095344,1.01295490056605,1.0126817198604,1.01237365430142,1.01216897215362,1.0118834666377,1.01162618699347,1.01125419230421
1.07042864579554,1.06175964717676,1.05559032260277,1.05044970296726,1.04617960063818,1.04200448765341,1.03899440721256,1.03633122162019,1.03420601601957,1.03168964301722,1.03014212332422,1.02864497910022,1.02701390620475,1.02568599547487,1.02445758943747,1.02329690556084,1.02213178272278,1.02120777203399,1.02032127838921,1.01940524596658,1.01889753875281,1.01835753527676,1.01773335504229,1.01712938458118,1.01653923956359,1.01598871031267,1.01548814107111,1.01483874423872,1.01437841341453,1.01400419335166,1.01378280172429,1.01347217774655,1.01318579724035,1.01273058158569,1.01236007624031,1.01203242825426,1.01172979869735,1.01124969898974,1.01095819070929,1.01075068451377
1.07208014415862,1.06344277842916,1.05599069752411,1.05074659156124,1.04648650643742,1.04247348768515,1.03917640012502,1.0368061791264,1.03441383182864,1.03262256422044,1.0309572755274,1.02906937019034,1.02756030858646,1.02635480500974,1.02501863543492,1.02401506385806,1.02307934656744,1.02209395334591,1.02101844070289,1.02018398957907,1.01942220861685,1.0186920357799,1.01796330390304,1.01740303708448,1.01696887604058,1.01646109574836,1.01597666589703,1.01556512041004,1.01519957190394,1.01477044159913,1.01441586031602,1.01406891265529,1.01368579476432,1.01337075189323,1.01292187101562,1.01269356334218,1.01240231257977,1.01204190255068,1.01169981778147,1.01145698964712
1.07289691695506,1.06230557101427,1.05562859143619,1.04993620723369,1.04539759197289,1.04169958927197,1.03848428354667,1.03556076318119,1.03293126943384,1.0309184449597,1.02922547793735,1.02763437922499,1.02615025621022,1.02479449904791,1.02379052044441,1.02265295405816,1.02170089704655,1.02072382005791,1.01974777215085,1.01871219463273,1.01797942293628,1.01745447224779,1.01672759236089,1.01639234706793,1.01587744928493,1.01549733932383,1.01507096235121,1.01463802716061,1.0142173919243,1.01386335854121,1.01354663358839,1.0131210100031,1.01280626492829,1.01250187974627,1.01223525179251,1.01192155110825,1.01163553224918,1.01132426639524,1.01110953541301,1.01079532036955
1.07305564667924,1.06474381388712,1.05739610440364,1.05158823059169,1.04706881641654,1.04293613434395,1.03930655308427,1.03629358272397,1.03376233869561,1.031470631536,1.02992555036893,1.02841001491934,1.02704455522085,1.02582631196944,1.02458190212818,1.02378233569808,1.02295329078612,1.02221984153562,1.02133635996846,1.02042969596871,1.01972320066996,1.01891870542928,1.01828557849068,1.01765437983325,1.01700107178022,1.01665514939823,1.01610670590844,1.01557933284759,1.01507210445201,1.01452453712707,1.01407568371922,1.01367311589712,1.01335691985916,1.01298846064002,1.01271088202444,1.01239512846155,1.01208081162495,1.01182403705943,1.01145299530419,1.0111519157964
1.07016125898898,1.06098574865222,1.05414437849355,1.04917755771003,1.04543687524761,1.04201073917939,1.03877903802145,1.03686061208961,1.03441078596877,1.03248252225634,1.03067497402206,1.02906648261975,1.0277379736855,1.02640562437187,1.02529010637772,1.02430124464089,1.02350083377069,1.02241653098725,1.02138872814784,1.02044830892032,1.01991249421104,1.01926439895146,1.01845695569297,1.01789142099345,1.01727037875175,1.01668427276269,1.01635622377446,1.01580422455166,1.0153450598572,1.0149156683447,1.01450039520448,1.01411201941472,1.01373834191987,1.0134721687951,1.01316683151414,1.01279460315143,1.01249764740668,1.0121152897443,1.01180568110082,1.0115548309745
1.0709452133524,1.06257488100281,1.05710927533868,1.05176323340506,1.04755950793447,1.04319250303585,1.0395149288349,1.03696008993414,1.0344540935311,1.03247410655121,1.03049097879582,1.02866957798288,1.02740033353352,1.02600790390922,1.02466721701782,1.02370086011239,1.02278978707141,1.02189795513894,1.02104126162773,1.02017002000267,1.01947722406377,1.01875141685486,1.01803342198173,1.01726695288582,1.0167696777387,1.01630044815741,1.01588822023336,1.01550021878615,1.01507656608539,1.01456670416896,1.01421790030843,1.0137326750871,1.01346561897586,1.01320029864947,1.01290501539027,1.01272691752761,1.01245066561534,1.01211602519077,1.01182142410555,1.01140903779516
1.07147286376581,1.06331187590245,1.05631645586574,1.05156180762174,1.04732212883871,1.04370342578126,1.04119952318823,1.03804308842939,1.03558753817419,1.03328598673329,1.03136430652742,1.02984262455675,1.02824452759867,1.02676035324389,1.02552138796507,1.0242975038468,1.02305632603779,1.02213844783331,1.0212470771988,1.02029944264875,1.01929107618981,1.0186212090946,1.01802987619732,1.01741520654208,1.01695880362306,1.01630877320802,1.01579710544329,1.01530904254014,1.014886597051,1.01454090739526,1.01397226849725,1.01355540847509,1.01306703094302,1.01268414338488,1.01229160887688,1.01189059751685,1.01159372341399,1.01139244044102,1.01110217603725,1.01085356080003
1.07390655866077,1.06498218426827,1.0577008675298,1.05225648899071,1.04735677572528,1.04308261590578,1.04022916172419,1.03757972230771,1.03506692442592,1.03329071959205,1.03094102685703,1.02908030447217,1.02751921675588,1.0263432039633,1.02519680110959,1.02402964510326,1.02321274816829,1.02236561885561,1.02150792524178,1.02063801076913,1.0199603515052,1.0195124926134,1.01880631954321,1.01810075994526,1.01758811113411,1.01703004591824,1.01653330603861,1.01601258882996,1.01552075521437,1.01515252555549,1.01475869981328,1.01434647602181,1.0138881246627,1.01354576144234,1.01327482227471,1.01298110330086,1.01256451851542,1.01232622883572,1.01215878330057,1.01173535816509
1.07075475689673,1.06248229356056,1.05518515195098,1.04966454242786,1.04558238504762,1.04189361825154,1.03867647774759,1.03584758688431,1.03366337638859,1.03216492454271,1.0305232815034,1.02865276774569,1.02733341886233,1.02577484688177,1.02455824467901,1.02350523283778,1.02244703548385,1.0214951221657,1.02070167005595,1.01987184159673,1.01924009713197,1.01862733769581,1.01805916853067,1.01755864917696,1.0169631245337,1.01634903830197,1.0158917415099,1.01547633073941,1.01506099539264,1.0145695787478,1.01424752659137,1.01388498593912,1.01345556208968,1.01309718985546,1.01288569874583,1.01262436804697,1.01239909613577,1.01201142391094,1.01169000967728,1.01137688518441
1.07035343348289,1.06072896598285,1.05487399636669,1.04911519646177,1.04482278025895,1.04153789290246,1.03828292620063,1.03571849954817,1.03300063127557,1.03108300113187,1.02935531512824,1.02783806641396,1.02636151391539,1.02509610192698,1.02378001703956,1.0222885554175,1.02119735844443,1.0204264258299,1.01961160052799,1.0189362838886,1.01823701384025,1.01771867252538,1.01710754983226,1.01650323560422,1.01586480089623,1.01541557474661,1.01504665514556,1.01446495443066,1.01396538370339,1.01359389692159,1.01315569130176,1.01280102827211,1.01257191280533,1.01234607450315,1.01206984553424,1.01173948597083,1.01141503639499,1.01120168294949,1.01084018555191,1.01055866335728
1.07146225347344,1.06259120860635,1.05563743495972,1.05054220432079,1.04586981004751,1.0422719849567,1.03891402881743,1.03654841653959,1.03453508164312,1.03224407466505,1.03049367729083,1.02889929454118,1.02731729973926,1.02594975414974,1.02461703853879,1.02319145760575,1.02199313250527,1.02108791666423,1.0204090755187,1.01973942891392,1.01904025750465,1.0183431850855,1.01775274335753,1.01712566187466,1.0165952918665,1.0160525774133,1.01549504521499,1.01499826859817,1.0146388540647,1.01388315050587,1.01357607336132,1.0131430424648,1.01273942527069,1.01250916509485,1.01221317405433,1.0117899493975,1.011400488141,1.0111158378702,1.01080364019693,1.01051313066503
1.07031018519618,1.0621416803343,1.05494625996134,1.04916797163671,1.04447398402705,1.04044729917219,1.03762858981225,1.0345305841827,1.03259438079204,1.03082202777031,1.02910989091546,1.02752592376732,1.02595041209142,1.02474379976464,1.02373753138491,1.02255364317087,1.0215742277107,1.02072334269357,1.02001913609107,1.01900000823941,1.01818115739696,1.0173853231282,1.01693666190651,1.01648633470459,1.0158635731322,1.01560782568527,1.01510029480319,1.01458973010507,1.01417713281243,1.01380001570231,1.0134156790127,1.01304761793992,1.01274087072303,1.0124293882373,1.01221105721969,1.0118397921185,1.01156810948113,1.01125406025767,1.01107934276012,1.01080201465435
1.07012669620691,1.062005445113,1.0547504580427,1.04923682463447,1.04525252922233,1.04149164839403,1.03841564748622,1.03560574667055,1.03328027937686,1.03116669007145,1.02971024622879,1.02797883677924,1.02627902229386,1.02542670236325,1.02405372337556,1.02281965053221,1.02188486877751,1.0209398684068,1.02008176871534,1.0193855193159,1.01881668153078,1.01814943456646,1.01766193488264,1.01697499726297,1.01659293956943,1.01608542551544,1.01573279500081,1.0153451340341,1.01484156108049,1.0143730619299,1.01406939982376,1.01362835858566,1.01321530945682,1.01286191849925,1.01243936768843,1.0121590258581,1.01185856958239,1.0114508623527,1.01128183325655,1.01097145316285
1.07384705898634,1.06399443678785,1.05654036728763,1.05050724403189,1.04570864323955,1.04209795922104,1.0388920209149,1.03613273296802,1.03383126137045,1.03186856221104,1.0298618494857,1.0283016586848,1.0269691560869,1.02561642036061,1.02440059281414,1.02313004422002,1.02227625977021,1.0214812367556,1.02067711500198,1.01991951980379,1.01932536972696,1.01859558603884,1.0181320753352,1.01761906227256,1.01692750863984,1.01647101744823,1.0160186043678,1.0153389268756,1.01485757323436,1.01452542664198,1.01410021669207,1.01377902311658,1.0134448787186,1.01318493821069,1.01279241585466,1.0123805548831,1.01211397228033,1.01184870475751,1.01163350878499,1.01128265070255
1.07679153841871,1.06814136896292,1.06034293333995,1.05414925281284,1.04888990016086,1.04444012487618,1.04149431060561,1.03862403952423,1.03620056341267,1.0341393112113,1.03224473824327,1.03028819903199,1.02869158816168,1.02712804466202,1.02559404877063,1.02449862389655,1.02329079445645,1.02225468258184,1.0212923300736,1.02065601281659,1.01985482795311,1.01920179534665,1.0184813582255,1.01781539595507,1.01729167393275,1.01668942808219,1.01619988437538,1.0156694805547,1.01514836342942,1.01463212722686,1.01424859678662,1.01394028064366,1.01347750454825,1.0132119459333,1.01287358305157,1.01258019320859,1.01213143840598,1.0118590463066,1.01158250604169,1.01119647951748
1.07388941774006,1.06414519716285,1.05713693907842,1.05145356300474,1.04664159875671,1.04305565991503,1.03964287129581,1.0363872249822,1.03423078388462,1.03214702325005,1.02994580104777,1.02850602283662,1.02679262700719,1.02579184993282,1.02462765997757,1.02357402869504,1.02248746659169,1.02144084462257,1.02053110163486,1.01957540934757,1.01905238960723,1.018408418087,1.01784043218916,1.01734639446585,1.01671379456975,1.01607115791482,1.01555112372482,1.01514191465291,1.01470742073836,1.01424101392402,1.01384489414287,1.0136336679906,1.01321327782715,1.01300871263165,1.01270076594373,1.01241527765875,1.01195327789512,1.01172193983228,1.01148411021254,1.01121460481112
1.07231294775481,1.06367494481429,1.05615057007082,1.05134901769585,1.04674036290909,1.04290685214069,1.03976427322968,1.03672802084468,1.03445976096619,1.03256382112505,1.03084229394477,1.02904968219445,1.02759878117391,1.02595567229641,1.02477871165095,1.0237441182337,1.02256956685079,1.02139410892005,1.02044974103111,1.01979451311592,1.01918432673087,1.0185520353568,1.01807051009327,1.01755649541258,1.01692499598229,1.01653749994,1.01596539778475,1.0154900419421,1.01489559111785,1.01435636086626,1.0140075218294,1.01364595746595,1.01320778400613,1.01289975714531,1.01249374558955,1.01210751496751,1.01183065462541,1.01151004876686,1.01131099288997,1.01102919894313
1.07037799054364,1.06208872505043,1.05501618796571,1.04935282480668,1.04493813299637,1.04111480156534,1.03859541494853,1.03585959901251,1.03373491499671,1.03135995381311,1.02951209610231,1.0279615021191,1.02633182789221,1.02526714982292,1.02381307316251,1.02265140822113,1.02180469946269,1.02093393078098,1.02007953800032,1.0194013861708,1.01888159488926,1.01822695216756,1.01758207572553,1.01713798257239,1.01674477648692,1.01627080103472,1.01578745102082,1.01522730635192,1.01472240582695,1.0143480193521,1.01387809348822,1.01363671399009,1.01322217713463,1.01289659144121,1.01261376155426,1.01222880455429,1.01188574271162,1.01157372654914,1.0112692479427,1.01102950509198
1.07204615536526,1.06328469544297,1.05572914222463,1.05035359881867,1.04597512026907,1.04243049346783,1.03898197832602,1.03624389319011,1.03326973348465,1.03071848220255,1.02828843051813,1.02689669536626,1.02551554485425,1.02448524921794,1.02326345533637,1.02215936122547,1.02117938809905,1.02039336810992,1.0196530336579,1.01894512247008,1.01810759232943,1.01759848345281,1.01698487515235,1.01656896466996,1.01607083149323,1.01542921927655,1.01494492594561,1.01454298772426,1.01407888911205,1.01372894124769,1.01333489367879,1.01300928290998,1.01255335756579,1.01224905264625,1.01191960842466,1.01162547027828,1.01145158317162,1.01106413347603,1.010822788728,1.01060016494416
1.07030544140538,1.06158228939647,1.05620702709331,1.05173551000418,1.04707211229078,1.04321811692202,1.04021399033381,1.03767301838318,1.03537791744385,1.03318263697719,1.03122856436952,1.0294390629844,1.02790178170237,1.0266996597397,1.02541475441074,1.0240348848485,1.02296431826826,1.0220310476997,1.02101223442955,1.02021551968208,1.01943274502646,1.01874654662505,1.0180446749363,1.01733427425266,1.01680306686139,1.0163178172186,1.01571494132828,1.01529327299905,1.01482343883168,1.01445981271685,1.01414894831905,1.01366007220716,1.01329186566428,1.01286080661716,1.01258956021566,1.01232820979982,1.01201743911277,1.01177093321372,1.01147146530107,1.01127799586147
1.07228599038109,1.06385658265673,1.05707517355651,1.0509101533034,1.04543597219258,1.04198035799529,1.03877543899951,1.03627544664484,1.03350411547728,1.03148758262006,1.02961895096158,1.02794952924645,1.02678659356925,1.02550761849896,1.02423465764122,1.023129910831,1.02214688494676,1.02126818126897,1.02046662150502,1.01954998581709,1.01887898941205,1.01816328928444,1.01740084336762,1.01689035788328,1.01603366373217,1.01542363104444,1.0149717084992,1.01461890534442,1.01432026462177,1.01380979225151,1.01335833440738,1.01291212233322,1.01252444584055,1.01219439891219,1.01183913654403,1.01148962947305,1.01129690294011,1.01095666906571,1.01070478129803,1.01046925278214
1.07273377350433,1.06551529138054,1.05801252620881,1.05205281246156,1.04685053989451,1.04324429732091,1.03982666006802,1.03696766739681,1.03466023198026,1.03258747212579,1.03053203404217,1.02887501556465,1.02726712188624,1.02572110857484,1.02440831191088,1.02315703831191,1.02198626756855,1.02111588956612,1.02000236532401,1.0193166611956,1.01887729676395,1.01812322631989,1.01755520286251,1.01701895706369,1.01640974942664,1.01605996878897,1.01566870398066,1.01514740544812,1.01482203159041,1.01440382294488,1.01394343236177,1.01364038252667,1.01328191714964,1.01295915148255,1.01264550453761,1.01235331424123,1.01194361519454,1.01158853987277,1.01126311293229,1.01103275924021
1.07017163065116,1.062324103263,1.05663011306157,1.05063299423127,1.0456839830427,1.04167829078034,1.03806169874673,1.03546149116977,1.03305136992531,1.03109460812977,1.0293637137411,1.02783830748504,1.02657265243336,1.02546936426316,1.0242414789218,1.02338307217236,1.02223164657038,1.02135667558611,1.02024976050752,1.0193598944081,1.01870154356356,1.01820517718885,1.01764572244052,1.01702401888763,1.01640895642466,1.01589539477,1.01533777137723,1.01477801085854,1.01430593273703,1.01401873766586,1.01364649882113,1.01326954246698,1.01300335707896,1.01271793589699,1.01241450280954,1.01216580836754,1.01179075404765,1.01155100271871,1.01123306093385,1.01107872420206
1.07217500311443,1.06386938015922,1.05756733978752,1.05240768206818,1.04752169038519,1.04330261390895,1.03995897057248,1.03775493420437,1.03523769662208,1.03290030313339,1.03134513848039,1.02978281910743,1.02818944463147,1.02633513537453,1.02490123683511,1.02378650039533,1.02281189308777,1.02165366210455,1.02067520445062,1.01999132912962,1.01913896472299,1.01848384149075,1.01786383961678,1.01719048422767,1.01660322634847,1.0159761862331,1.01539893976115,1.01503599070545,1.01463468584474,1.01436270993322,1.01402663165797,1.01368006470499,1.01340431281462,1.01318569409603,1.01280322464405,1.0123588205623,1.01209643337049,1.01174611532705,1.01131182845522,1.01111515891927
1.0713238726786,1.06355938014124,1.0578235291574,1.05250062039072,1.04774973561116,1.04397620334452,1.04054691878307,1.03739103893841,1.03507643326676,1.03242371146317,1.03080189881815,1.02921649062604,1.02766813891367,1.02630915786451,1.02495391568486,1.02379738374526,1.02293547105043,1.02183371034047,1.02107360737479,1.02028424548725,1.01950277084414,1.01888015366719,1.01830863282348,1.01749415015891,1.01699366951709,1.01668936014222,1.01631307453842,1.01581944284448,1.0153219443164,1.01486883993702,1.01434021156072,1.01397117223493,1.01372647789656,1.01335014806875,1.01297007933491,1.0127589718329,1.01246076044817,1.01226177885056,1.01198745955235,1.01170553401513
1.0688579394184,1.06092289394523,1.05468637356226,1.04876638932262,1.04443302629211,1.04120161354028,1.03864590199764,1.03588226558884,1.03296763329492,1.03082307810423,1.0287212668795,1.02715352481882,1.02582783232787,1.02460080101139,1.02357227165479,1.02284375700284,1.02195727146058,1.02090342064362,1.020067400443,1.01926576299298,1.01852868356124,1.01798713007067,1.01722398013867,1.01675876643121,1.01608572058903,1.01570176594974,1.01523603731891,1.01461800644427,1.01430545579812,1.01382956422144,1.01340736843912,1.01312491906529,1.01282975677445,1.01257141673958,1.01230890470639,1.01211918682052,1.01190864196889,1.01156306414932,1.01133926722507,1.01106371249889
1.07124602713829,1.06350946713894,1.05687323179214,1.05106179933147,1.04640115567962,1.04263548820051,1.03945537659015,1.03663641231163,1.03422612849131,1.03209562904418,1.03051142409672,1.02900010465963,1.02756968204954,1.02591951307734,1.02477890352099,1.0236746429948,1.02262185010918,1.02175623686304,1.02105254453116,1.02017404781784,1.01920181334451,1.01866371829866,1.0180711066252,1.01751727849323,1.01691362087052,1.01657963650541,1.01604820973934,1.01552582146522,1.01504606362933,1.01460613141691,1.01423879413728,1.01379024486138,1.01348787735993,1.01320071204163,1.01285001201358,1.01263024722247,1.01245201158855,1.01222735263045,1.01204480243505,1.01175348854264
1.07195497963078,1.06337669785023,1.05664962855729,1.05071069616404,1.04642846535142,1.04235458157882,1.03930393564966,1.03622440424516,1.03369298572827,1.03141128599591,1.02955587281584,1.02776111135379,1.02656960450429,1.02525989013728,1.02406213842106,1.02301045959167,1.02207695582122,1.02134552395593,1.02064002029654,1.01969167221338,1.01888642027929,1.0182686816186,1.01780329102449,1.01717718201225,1.01656230902038,1.01613857685138,1.01562588670433,1.01505898267341,1.01467540950146,1.01427336773732,1.01387789376585,1.01346968284243,1.01312650220726,1.01282346373451,1.01247708740423,1.01231782805554,1.01200439394642,1.01171157598645,1.01144345848185,1.01119101083937
1.07124074076907,1.06214324894323,1.05569825015005,1.05029277720519,1.04544753569483,1.04195317812837,1.03897710000647,1.03676908660657,1.03479758519109,1.03291315325086,1.03100729350153,1.02954815557455,1.02785072199492,1.02645896933194,1.0254120261451,1.02418803454204,1.0231017627812,1.02225697480677,1.02128144429917,1.02037658613999,1.0195295132017,1.01875915100536,1.01818120786186,1.01747929266626,1.01701535174437,1.01639601452251,1.01588503792101,1.01537193776564,1.01499131328239,1.0145449885514,1.01415237820941,1.01374881017034,1.01347650616494,1.01307969104716,1.01273784339623,1.01256206120549,1.01235557837149,1.01200521441223,1.01164962283934,1.01139153156042
1.07456996791921,1.06581544785209,1.05923866989911,1.05291042904045,1.04750602760846,1.04391181603085,1.04038240557489,1.03704685409894,1.03469968517294,1.03231538418798,1.03056600262851,1.02886145912312,1.02750876668566,1.02609107068478,1.02483602230723,1.02363974282426,1.02262586314868,1.02174647836173,1.02072831985277,1.01994506754205,1.0193003228086,1.01854321262218,1.01785781443331,1.01716606426241,1.01671551035816,1.01608766114884,1.01552097165595,1.01500078652075,1.01447821647607,1.01414958898325,1.01387204008757,1.01350614747316,1.01304417039647,1.01265980988915,1.01225502001067,1.01200002875404,1.01174757956993,1.01152289467208,1.01131174700494,1.01102985382416
1.07182303760236,1.06250526419043,1.0557513748382,1.04990244820126,1.04557026255935,1.04205372112353,1.03901443697738,1.03671094752221,1.03451264680366,1.03239142054087,1.0305028861518,1.0288648944792,1.02740159470235,1.0259750693612,1.02454035294101,1.02316067421228,1.02200647063169,1.02109172845999,1.0203795516102,1.01956544056858,1.01884949252028,1.01825854556498,1.01774960542786,1.01716606090276,1.01655996520371,1.01595214331715,1.01552217300131,1.01496594186073,1.01456483129064,1.01418311269096,1.01372600263427,1.0133047858999,1.01302794035865,1.01275825731298,1.0123151418455,1.01203980023485,1.01175153343122,1.01152016229377,1.011303016665,1.01106908681967
1.07010412360461,1.06167368094044,1.0551576101196,1.05009846058709,1.04541903524736,1.04183283068159,1.03867156550161,1.03592919188393,1.03378144290262,1.03192642660998,1.03007584957582,1.02832052895606,1.02684820648709,1.02558522580706,1.02459073305398,1.02370735041785,1.02271507120589,1.02174134392154,1.02113333245426,1.02025310403688,1.01968733960173,1.01906489280764,1.01842441407973,1.01788638862213,1.01738537016334,1.01671157622122,1.01618431190408,1.01578377247698,1.01531459876156,1.01484377698273,1.01431937642954,1.01393012688212,1.01359418579261,1.01315004596268,1.0128807478464,1.0124448155867,1.01203348035082,1.011760824524,1.01141203401038,1.01105134560304
1.07029238030399,1.06194953239796,1.05570995231496,1.04976836719058,1.04495298429964,1.04098722544585,1.03794913168355,1.03524544530495,1.03269308144981,1.03084722037963,1.02916686799879,1.0275962349796,1.02597884805461,1.02476412187492,1.02382401096551,1.02252941989114,1.02159876461606,1.0206781145024,1.0198389906094,1.01895660228212,1.01822740415173,1.01758410115915,1.01699184520101,1.01642881111164,1.01598759425149,1.01552885856649,1.01490539624379,1.01437937527886,1.01395546399635,1.01352013950219,1.01316870427694,1.01271033453965,1.0124524920097,1.01209838467661,1.01186833570619,1.01148594767735,1.01126176700031,1.01104679830177,1.01079473316066,1.01045366535505
1.07316588252385,1.06374056658825,1.05741094049438,1.05200080555074,1.04720647276016,1.04325695669358,1.0401576960059,1.03734496740912,1.03473270680102,1.03249183191821,1.03109721889989,1.02944306429625,1.02800147981089,1.02669897980511,1.02536556373335,1.02437436332306,1.02323380614174,1.02222962115295,1.02150990273682,1.02066544341623,1.01986140219986,1.01898077935419,1.01858057838309,1.01800217423884,1.01739649692099,1.01698407784349,1.0165793135255,1.01597705593021,1.01549002396851,1.01502463172053,1.01460332193019,1.01412203364113,1.01373489740621,1.01347993533183,1.01312222286722,1.01272837972763,1.01243491810793,1.01210355014201,1.01182435840417,1.01159476582244
1.07382743608283,1.0640742231163,1.0559589707925,1.05002623586943,1.04578787992033,1.04178264963693,1.03908377172451,1.03652927215907,1.03374593689766,1.03158214525313,1.0299574301062,1.02809171225195,1.02658045446881,1.0252205990634,1.02386140040918,1.0228638216667,1.02199571957382,1.02100929655908,1.02026083644576,1.01940268034811,1.01862956976695,1.01792115481377,1.01730815457979,1.01671260302936,1.01622830070271,1.01578776874583,1.01521690835533,1.01468997145848,1.01433028120275,1.01391098936268,1.01354245709844,1.01326240517594,1.01285508538195,1.01254289513323,1.01215309727084,1.01182451022817,1.01152546134448,1.01112515005871,1.01087186469267,1.01052362510145
1.07173164408619,1.06226728319134,1.05522189187248,1.05028223003809,1.0457081634773,1.04275620004717,1.0398393762493,1.03732252156551,1.03501816900664,1.03277106500137,1.03125527380005,1.02955110700821,1.02781207300812,1.02641134669287,1.02544861195692,1.02434278001845,1.0231819037708,1.022180063508,1.02120344991957,1.02018375729737,1.01949506383747,1.01867733584331,1.01796898292562,1.01741196690959,1.01664517265382,1.01611416670249,1.01558938132016,1.01523771604426,1.01481710655454,1.01440507554256,1.01413424657762,1.01387841985747,1.01351947890001,1.01321773078456,1.01277484181807,1.012362868272,1.01204298796054,1.01174055707515,1.01145014384094,1.01115907433024
1.07263638459792,1.0628373941055,1.05599462588298,1.05094789411334,1.04647660538699,1.04195505772288,1.03861547206226,1.03640438739088,1.03368611826466,1.03187503509748,1.03030802880721,1.02871952957141,1.02718385040469,1.02560066758953,1.02462711118289,1.02369130298473,1.02276591612039,1.02184695672777,1.0209025629064,1.02001144543735,1.01918083314447,1.0185669237277,1.01798745751873,1.01748463305917,1.01700711320744,1.01629738835175,1.01587843013335,1.01525071602385,1.01481166288969,1.01449075247839,1.01414548668598,1.01382574391178,1.01353344903217,1.01320352822797,1.01303057772883,1.0126809676307,1.01236252391845,1.01211155414581,1.01188198599922,1.0115931119529
1.07468145338945,1.06477331653458,1.05741656754099,1.05219201415089,1.0471519131829,1.04286288380277,1.0393776983665,1.03672940336051,1.03443362725728,1.03254779467412,1.03077283907047,1.02899976140349,1.02765416359789,1.02647763680806,1.02532066417812,1.02428123800998,1.02325672744266,1.02236957364825,1.02132157971032,1.02054299776757,1.01989542988525,1.01921201091946,1.01831806056773,1.01777337041649,1.01736678901287,1.01680426092876,1.0162863299193,1.01576103986371,1.01534656983763,1.01494050887146,1.01451044868138,1.01413266141596,1.01379043020611,1.01347267005343,1.01310349224902,1.01277081567631,1.01241198330977,1.01212260104215,1.01188638072519,1.01169511994493
1.07226850768044,1.06246500114864,1.05603917134358,1.05064114207358,1.0460839778311,1.04257771991103,1.0397943906729,1.03707793064453,1.03483478183145,1.03300755533846,1.03085971547494,1.02956361284491,1.0281355245053,1.02685761752084,1.02548351890012,1.02422234357251,1.02323725684741,1.02230507759767,1.02144819629375,1.02062491132313,1.01995744570231,1.01929956875046,1.01868937229434,1.0179876871466,1.01734786899145,1.01677912226878,1.01639823753187,1.01589015640277,1.01543749926841,1.01497783511038,1.01463781895571,1.01405195137237,1.01378218320021,1.0134581107066,1.01311545544296,1.01267858689988,1.0123666448323,1.01210946614888,1.01178747568631,1.01164156763609
1.07279883562378,1.0644747676691,1.0576721042857,1.05159674003841,1.04687094023686,1.0432757670265,1.0403242383382,1.0378260872297,1.03553757737646,1.0335223498892,1.03151589399278,1.02958943954473,1.02801488811699,1.02656897467912,1.0255354564327,1.02440867073842,1.02329544466324,1.02211055629503,1.02146106305621,1.02062864604763,1.02002112166778,1.01942077460114,1.01877662908335,1.01816810323285,1.01736916222316,1.01667149611486,1.01612096069075,1.01562023092724,1.01506572404635,1.01450647535233,1.01398075165691,1.01358764922344,1.01328228738613,1.01302916233894,1.01267595947034,1.01251894111226,1.01230687652222,1.0121000062484,1.01183544325033,1.01148444149988
1.07282969483755,1.06365974909149,1.05670972043348,1.05144996047004,1.04722243990179,1.04311168455935,1.04016161357598,1.03740730785384,1.03537302466708,1.03330366616974,1.03155459933684,1.02976409276384,1.02859380242643,1.02711186732508,1.02594632854266,1.02478584010102,1.02395726196651,1.02288585146651,1.02207292102429,1.02104922804571,1.02021496383864,1.01943860605346,1.01876339194712,1.01807505755198,1.01754093165132,1.01687023373278,1.01625176734782,1.01578020263247,1.01547384174728,1.01506611144108,1.0146962539207,1.0141510102921,1.01378704374143,1.01352064180531,1.01315114723721,1.01283117867209,1.01252354970049,1.01217949608801,1.01186659376937,1.011676371898
